Id,Choice
1,0.383771
2,0.486288
3,0.151717
4,0.224598
5,0.518395
6,0.337361
7,0.614613
8,1
9,0
10,0.625878
11,0.382585
12,0.769733
13,0.578844
14,0.443658
15,0.865068
16,0.683543
17,1
18,0.317111
19,0.806562
20,0.398860
21,0.642352
22,0.137036
23,0.839853
24,0.733560
25,0.164187
26,0.076706
27,0.166501
28,0.340288
29,0.258290
30,0.692506
31,0.023003
32,0.958552
33,0.530832
34,0.840562
35,0.541038
36,0.481539
37,0.396800
38,0.371724
39,0.689167
40,0.404762
41,0.689467
42,0.148225
43,0.165415
44,1
45,0.157068
46,0.696707
47,0.632497
48,0.111922
49,0.110755
50,0.503008
51,0.293331
52,0.093903
53,0.153943
54,0.516932
55,0.988629
56,0.360157
57,0.350746
58,0.508022
59,0.196306
60,1
61,0.311495
62,0.646047
63,0.198491
64,0.399446
65,0.403816
66,0.029922
67,0.389859
68,0.272754
69,0.597165
70,0.528984
71,0.802385
72,0.421977
73,0.348699
74,0.414213
75,0.489928
76,0.718271
77,0.593152
78,0.576110
79,0.076021
80,0
81,0.439446
82,0
83,0.217089
84,0.569836
85,0.414000
86,0.409081
87,0.495012
88,0.185112
89,0.886337
90,0.564685
91,0.308694
92,0.030693
93,0.752478
94,0.822821
95,0.375870
96,0.423582
97,0.940261
98,0.626256
99,0.587421
100,0.436415
101,0.544541
102,0.942956
103,0.829391
104,0.209081
105,0.432784
106,0.655693
107,0.332715
108,0.462153
109,0.400210
110,0.771337
111,0.523126
112,0.209298
113,0.802392
114,0.433513
115,1
116,0.614685
117,0.574698
118,1
119,1
120,0.790127
121,0.845721
122,0.922790
123,0.003607
124,0.636830
125,0.568979
126,0.899710
127,0.614870
128,0.178445
129,0.322879
130,0.813084
131,0.426299
132,0.356924
133,0.300806
134,0.673589
135,0.063288
136,0.564746
137,1
138,0.399815
139,0.663161
140,0.378642
141,0.921440
142,0.820876
143,0.475654
144,0.783736
145,0.464171
146,0
147,0.352443
148,0.019486
149,0.444686
150,0.741973
151,0.261152
152,0.242683
153,0.925680
154,0.901979
155,0.393831
156,0.215241
157,0.640730
158,1
159,0.588310
160,0.406880
161,0.425642
162,0.447611
163,0.574784
164,0.588353
165,0.381898
166,0.508227
167,0.875200
168,0.783011
169,0.338862
170,0.189187
171,0.475212
172,0.360157
173,0.053967
174,0.519989
175,0.377614
176,0.191213
177,0.353596
178,1
179,0.512926
180,0.804198
181,0.308383
182,0.545714
183,0.785008
184,0.541042
185,0.169087
186,0.625341
187,0.376837
188,0.122592
189,0.638827
190,0.956594
191,0.760481
192,0.776971
193,0.031614
194,0.564824
195,0.813846
196,0.868109
197,0.560187
198,1
199,0.763227
200,0.534010
201,0.712965
202,0.897719
203,0.238503
204,0.313865
205,0.861921
206,0.220207
207,0.259077
208,0.769060
209,0
210,0.007335
211,0.999644
212,0.569376
213,0.585446
214,0.632186
215,0.934109
216,0.076021
217,0.754166
218,0.850785
219,1
220,0.123576
221,0.495017
222,0.800566
223,0.325948
224,0.192667
225,0.368173
226,0.348395
227,1
228,0
229,0.848557
230,0.500887
231,0
232,0.090086
233,0.408170
234,0.832689
235,0.775967
236,0.523728
237,0.123930
238,0.553299
239,0.718748
240,0.616182
241,0.984569
242,0.559145
243,0.516691
244,0.810113
245,0
246,0.760539
247,0
248,1
249,1
250,0.483014
251,0.953659
252,1
253,0.341763
254,0.390721
255,0.130093
256,0.038421
257,0.186484
258,0.286018
259,0.373043
260,0.617369
261,0.133592
262,1
263,0.694663
264,0.912925
265,0.663733
266,0.543115
267,0.572821
268,0.390126
269,0.652421
270,0.776190
271,0.449597
272,1
273,0.383381
274,0.137430
275,0.874916
276,0.364144
277,0.888335
278,1
279,0.611327
280,0.437360
281,0.275295
282,0.542596
283,0.712859
284,0.627012
285,0.646585
286,0.648463
287,0.474360
288,0.838372
289,0.586137
290,0.275181
291,0.840409
292,1
293,0.692399
294,0.135970
295,0.984881
296,0.300790
297,0.898606
298,1
299,0.942173
300,0.777595
301,0
302,0.414000
303,0.429598
304,0.429581
305,0.949454
306,0.371133
307,0
308,0.577999
309,0.648803
310,0.070835
311,0.458602
312,0.287406
313,0.375366
314,0.612516
315,0.487357
316,0.722086
317,1
318,0.244595
319,0.455085
320,0.550056
321,0.615220
322,0.700120
323,0
324,0.760037
325,0.923076
326,0
327,0.214779
328,0.626305
329,0.989203
330,0.389859
331,0.402658
332,0.157068
333,0.863815
334,0.017736
335,0.811894
336,0.812432
337,0.495561
338,0.650290
339,0.852486
340,0.731149
341,0.928800
342,0.634079
343,0.770837
344,0.103990
345,0.411015
346,0.309947
347,0.655604
348,0.485249
349,0.623540
350,0.037352
351,0.655380
352,0.408061
353,0.472922
354,0
355,0.517190
356,0.752282
357,1
358,0.579949
359,0.271320
360,1
361,0.448157
362,0.686960
363,0.608288
364,0.151218
365,0.817352
366,0.009481
367,0.203737
368,0.531062
369,0.723417
370,0.926304
371,0.204729
372,0.333082
373,0.852038
374,0.445618
375,0.531700
376,0.841839
377,0.667087
378,0.507632
379,0.238329
380,0.265047
381,0
382,0.540061
383,1
384,0.456016
385,0.140039
386,0.575133
387,0.415763
388,0.341444
389,0.555340
390,0.871645
391,0.675415
392,0.108207
393,0.215938
394,0.182866
395,0.526898
396,0.404254
397,0.535630
398,0.477728
399,0.578159
400,0
401,0.670377
402,0.560498
403,0.269618
404,0.199485
405,0.661441
406,1
407,0.313498
408,0.842077
409,0.680905
410,0
411,0
412,0.513517
413,0.353117
414,0.592043
415,0.473733
416,0
417,0.377617
418,0.029041
419,0.940453
420,0.758416
421,0.468606
422,0.460052
423,0.747468
424,0.136566
425,0
426,0.424609
427,0.480656
428,0.496484
429,0.783926
430,0.652965
431,0.021101
432,0.243076
433,0.689888
434,0.226678
435,0.499971
436,0.865794
437,0.459104
438,0.376703
439,0.350288
440,0.894544
441,0.546708
442,0.580370
443,0.330767
444,0.468058
445,0.562716
446,0.908961
447,0.304746
448,0.533040
449,0.468913
450,0.431421
451,0.407305
452,0.588509
453,0.683514
454,0.570029
455,0.759396
456,0.199392
457,0.252877
458,0.371619
459,0.135571
460,0.331170
461,0.532262
462,0.655186
463,0.584291
464,0.297569
465,0
466,0.213377
467,0.446894
468,0.559990
469,0.763882
470,0.742039
471,0.618665
472,0.688801
473,0.692830
474,0.243415
475,0.377766
476,0
477,0.688670
478,0.711509
479,0.624422
480,0.898606
481,0.886426
482,1
483,0.065550
484,0.796263
485,0.617973
486,0
487,0.207153
488,0.346869
489,0.794944
490,0.542639
491,0.272829
492,0
493,1
494,0.416184
495,0.748694
496,0.753110
497,0.586622
498,0.501991
499,0.557467
500,0.569127
501,0.334114
502,0.322553
503,0.348999
504,0.793226
505,1
506,0.501841
507,0.260946
508,0.895998
509,0.113453
510,0
511,0.428812
512,0.246213
513,0
514,0.390537
515,0.069999
516,0.076931
517,0
518,0.599970
519,1
520,0.254030
521,0.547201
522,0.482935
523,0.694311
524,0.607571
525,0.609901
526,0.496476
527,0.586395
528,0.680456
529,0.900824
530,0.308522
531,1
532,0.681242
533,0.358021
534,0.687878
535,0.075319
536,1
537,0.738823
538,0.521128
539,0.452444
540,0.221663
541,0.172094
542,0.781734
543,0.479673
544,0.790467
545,0.666427
546,0.232995
547,0.536200
548,0.093771
549,0.724819
550,0
551,0.301848
552,0
553,0.554841
554,0.354723
555,1
556,0
557,1
558,0.625269
559,1
560,0.541801
561,0.811226
562,0.256819
563,0.755095
564,0.522817
565,0.692399
566,0.115855
567,0.749625
568,0.485623
569,0
570,0.750931
571,1
572,0.382127
573,0.892782
574,0.150465
575,1
576,0.143131
577,0
578,0.502837
579,0
580,0.880525
581,1
582,0.875304
583,0.414705
584,0.204819
585,0.370298
586,0.712279
587,0.641652
588,0.095934
589,0.065737
590,0.285809
591,0.510029
592,0.550841
593,0.437775
594,0.505738
595,0.836421
596,0.467420
597,0.639713
598,0.881143
599,0.006979
600,0.488018
601,0.293100
602,0.757701
603,0.443334
604,0.805555
605,0
606,0.431427
607,0.515925
608,0.164101
609,0
610,0.726173
611,0.516713
612,0.156295
613,0.540125
614,0.325052
615,0.602647
616,0.455559
617,0.041438
618,0.057650
619,0.547490
620,0.853203
621,0.769060
622,0.194966
623,0.782227
624,0.752285
625,0
626,0.530246
627,1
628,0.378445
629,0.284886
630,0.829405
631,0.505733
632,1
633,0.215390
634,0.258607
635,0.594838
636,0.810802
637,0.173440
638,0.636344
639,1
640,0.032322
641,0.755593
642,0.503281
643,0.287764
644,0.701295
645,0.939330
646,0.799783
647,0.445699
648,0.321821
649,0.866908
650,0.624875
651,0.738806
652,0.434010
653,0.590265
654,0.041951
655,0.114899
656,0.816563
657,0.403800
658,0.468680
659,0
660,0.774214
661,0.392105
662,0.496432
663,0.836197
664,0.588903
665,0.568062
666,0
667,0.337318
668,0.559797
669,0.535693
670,1
671,0.639623
672,0
673,0.420536
674,0.518153
675,0.521368
676,0.059206
677,0.547676
678,0
679,0.453526
680,0.986987
681,0.682827
682,0.543992
683,0.425819
684,0.529377
685,0.877003
686,0.150009
687,0.466569
688,0.297899
689,0.443798
690,0.599061
691,1
692,0.072831
693,0.688801
694,0.645152
695,0.494936
696,0.746594
697,0.742886
698,0.656287
699,0.105032
700,1
701,0.388935
702,0
703,0.409109
704,0.431164
705,0.627889
706,0.170822
707,0.283916
708,0.249869
709,0.878180
710,0.800295
711,0.506092
712,0
713,0.325561
714,0.415314
715,0.035847
716,0.498058
717,0.980566
718,0.986567
719,0.270494
720,0.489950
721,0.517627
722,0.402879
723,0.367842
724,0.202032
725,0.474556
726,0.966786
727,0.218395
728,0.262504
729,0.345578
730,0.307487
731,0.281093
732,0.507100
733,0.773508
734,0.962294
735,0.501433
736,0.571510
737,0.236752
738,0.125624
739,0.221277
740,0.206824
741,0.744862
742,0.799499
743,0.273442
744,1
745,0.518490
746,0.856215
747,0.280728
748,0.235919
749,0.698757
750,0.601721
751,0.288672
752,0.503611
753,0
754,0.569445
755,0.257156
756,0.548807
757,0.542607
758,0.448157
759,0.329136
760,0.916490
761,0.432004
762,0.655680
763,0.622859
764,0.292575
765,0.053109
766,0.460344
767,0.425410
768,0.163242
769,0.701058
770,0.892643
771,0.309465
772,0.220698
773,0.162027
774,0.664891
775,0.210524
776,0.488232
777,0.327547
778,1
779,0.033071
780,0.028752
781,1
782,1
783,0.525348
784,0.483136
785,0.644394
786,0.687615
787,0.619847
788,0.270101
789,0.377221
790,0.857235
791,0.808135
792,0.485691
793,0.153131
794,0.350849
795,0.935274
796,0.988892
797,0.334373
798,0.133171
799,0.117051
800,0.222270
801,1
802,0.514750
803,0.036619
804,1
805,0.430987
806,0.368884
807,0.340352
808,0.841439
809,0.498067
810,0.408054
811,0.427235
812,0.696892
813,0.380527
814,0.876263
815,0.899919
816,0.400472
817,0.753808
818,0.961754
819,0.136493
820,0.301251
821,0.440449
822,0.526458
823,0.929472
824,0.037028
825,0.437324
826,0
827,0.388799
828,0.656878
829,0.468680
830,0.798207
831,0.114828
832,0.600179
833,1
834,1
835,0.410053
836,0.543226
837,0.881720
838,0.721484
839,0.145639
840,0.474331
841,0.477518
842,0.267282
843,0.090984
844,0.381503
845,0.939614
846,1
847,0.501730
848,0
849,0.424951
850,0.585178
851,0.334118
852,0.815585
853,1
854,0.790383
855,0.516027
856,0.623894
857,0.796540
858,0.913138
859,0.693091
860,0.512975
861,0.740244
862,0.378853
863,0.548589
864,0.070557
865,0.531112
866,0.117028
867,0.587140
868,0.928647
869,0.817333
870,0.452269
871,0.865816
872,0
873,0.525644
874,0.910358
875,0.089005
876,1
877,0.758320
878,0.112765
879,0.968729
880,0.668904
881,0.629727
882,0.826844
883,0.973376
884,0.230408
885,1
886,0.401477
887,0.320077
888,0.240354
889,0.790185
890,0.260260
891,0.789253
892,0.306565
893,0.663025
894,0
895,0.649034
896,0.477579
897,0.208885
898,0
899,0.055022
900,0.026162
901,0.476755
902,0.683057
903,0.840637
904,0.659509
905,0.519483
906,0.590837
907,0.416601
908,0.210144
909,0.541035
910,1
911,0.538295
912,0.514846
913,0.552256
914,0
915,0.232466
916,0.408111
917,0.398772
918,0.467020
919,0.745131
920,0.641491
921,0.810926
922,0
923,0
924,0.281268
925,0.168742
926,0.471152
927,0.463297
928,0.750802
929,0
930,0.807257
931,0.099194
932,0.260736
933,0.366460
934,0.600533
935,0.632328
936,0.279646
937,0.423002
938,0.271320
939,0.975677
940,0.107773
941,0
942,0.938870
943,0.329974
944,0
945,0.636048
946,0.342777
947,0.450598
948,0.323693
949,0.117761
950,0.375341
951,0.293668
952,0.656307
953,0.334749
954,0.416601
955,0.152695
956,0.882674
957,0.540347
958,0
959,0.751584
960,0.378829
961,1
962,0.661830
963,0.943207
964,0.028986
965,0.606596
966,0.878442
967,0.713323
968,0.754757
969,0.373481
970,0.818465
971,0.326098
972,0.600215
973,0.624823
974,0.704984
975,0.417659
976,0.295817
977,0.301148
978,0.404450
979,0.793892
980,1
981,0.598281
982,0.436873
983,0.328063
984,0.745048
985,1
986,0.150198
987,0.474833
988,0.320077
989,0.597521
990,0.508394
991,0.417275
992,0.653077
993,0.733379
994,0
995,0.311100
996,0.717046
997,0.810546
998,0.535285
999,0.613088
1000,0.471393
1001,0.917419
1002,0
1003,1
1004,0.358582
1005,0.896166
1006,0.633321
1007,0.460790
1008,0.906364
1009,1
1010,0.833076
1011,1
1012,0.455087
1013,0.293930
1014,0.535792
1015,0.047707
1016,0.894772
1017,0.113647
1018,0.415154
1019,0.855477
1020,0.681221
1021,0.509105
1022,0.318772
1023,0.727483
1024,0.199056
1025,0.800048
1026,0.442121
1027,0.123404
1028,0
1029,0.066554
1030,0.449597
1031,0.402632
1032,0.523718
1033,1
1034,0.716245
1035,1
1036,0.205882
1037,0.606809
1038,0.891394
1039,0.542666
1040,0.351219
1041,0.402680
1042,0.987427
1043,0.708377
1044,0.450290
1045,0.493374
1046,0.674252
1047,0.371468
1048,0.318291
1049,0.688073
1050,0.750691
1051,0.966105
1052,0.504687
1053,0.364125
1054,0.404144
1055,0.135742
1056,0.386304
1057,0.326093
1058,0.856276
1059,0
1060,1
1061,0.602390
1062,0.303116
1063,0.616518
1064,0.551185
1065,0.258016
1066,0.687711
1067,0.705510
1068,0.495172
1069,0.707092
1070,0.651173
1071,0.904643
1072,0.780368
1073,0.197537
1074,0.222952
1075,0.341150
1076,0.560700
1077,0.665758
1078,0.386494
1079,0
1080,0
1081,1
1082,0.308196
1083,0.539261
1084,0
1085,0.289344
1086,0.390549
1087,0
1088,0.443608
1089,0
1090,0.987811
1091,0.424827
1092,0.612370
1093,0.623006
1094,0.801026
1095,0.090984
1096,0.917310
1097,0.547069
1098,1
1099,0.924681
1100,1
1101,0.696003
1102,0.420809
1103,0.758537
1104,1
1105,0.724358
1106,0.286715
1107,0.835385
1108,0.013073
1109,0.295372
1110,0.563617
1111,0.066997
1112,0.567140
1113,0.149797
1114,0.574664
1115,0.467342
1116,0.655938
1117,0
1118,0.416184
1119,0.197930
1120,0.344514
1121,0.752362
1122,0.446606
1123,0.018604
1124,0.666635
1125,0.557547
1126,0.368665
1127,0.425530
1128,0.349822
1129,0.002150
1130,0.371094
1131,0.318772
1132,0.796540
1133,0.243300
1134,0.940575
1135,0.404715
1136,0.162024
1137,0.431160
1138,0.430333
1139,0.697839
1140,0.375870
1141,0.628886
1142,0.449819
1143,0.063472
1144,0.190877
1145,1
1146,0.747717
1147,0.859689
1148,0.408370
1149,0.626069
1150,0.540932
1151,0.304250
1152,0.383093
1153,0.654432
1154,0.324200
1155,0.536470
1156,0.637634
1157,0.406774
1158,0.318642
1159,0.459002
1160,0.716350
1161,0.172342
1162,0.400059
1163,0.401665
1164,0.549707
1165,0.966247
1166,0
1167,0.062818
1168,0.412012
1169,0.495706
1170,0.100400
1171,0.231719
1172,0.160836
1173,0.218410
1174,0
1175,0.872050
1176,0.405389
1177,0.524335
1178,0
1179,0.209099
1180,0.556749
1181,0.725549
1182,0.123763
1183,1
1184,0.459635
1185,0.459354
1186,0.245543
1187,0.498159
1188,0.132593
1189,1
1190,0.060283
1191,0.358303
1192,0.510248
1193,0.859800
1194,0.694526
1195,0.457177
1196,0.701091
1197,0.474653
1198,0.434583
1199,0.804322
1200,0.640730
1201,0.440036
1202,0.132103
1203,0.965441
1204,1
1205,1
1206,0.371265
1207,0.576538
1208,0.000875
1209,0.622417
1210,0.592554
1211,0.108446
1212,0.520167
1213,0.303351
1214,0.235865
1215,0.556719
1216,0.247444
1217,0.475499
1218,0.448531
1219,0.982471
1220,0.977778
1221,0.800671
1222,0.617851
1223,0.704574
1224,0.170720
1225,0.470659
1226,0.972049
1227,0.490793
1228,0.117825
1229,0.595704
1230,0.969769
1231,0.528526
1232,0.607188
1233,0.369644
1234,0.446623
1235,0.470812
1236,0.405188
1237,0
1238,0.302595
1239,0
1240,0.350319
1241,0.103545
1242,0
1243,0.184740
1244,0.499433
1245,0.343315
1246,0.759942
1247,0.552793
1248,0.537397
1249,0.848782
1250,0.709458
1251,0.450341
1252,0.479673
1253,0.478169
1254,0.913582
1255,0.260473
1256,0.748337
1257,1
1258,1
1259,0.703742
1260,0.386539
1261,0.926122
1262,0.415649
1263,0.490094
1264,0.387157
1265,0.321964
1266,0.381246
1267,1
1268,0.443840
1269,0.761035
1270,0.763627
1271,0.370889
1272,0.582463
1273,0.640550
1274,0.401196
1275,0.161806
1276,0.391282
1277,0.598409
1278,0.465990
1279,0.698231
1280,0.576147
1281,0.035768
1282,0.181996
1283,0.903546
1284,0.516176
1285,0.465443
1286,0.679458
1287,0.319476
1288,1
1289,0.429246
1290,0.238886
1291,0.516000
1292,0.249610
1293,0.067632
1294,0.344152
1295,0.908072
1296,0.682844
1297,0.070286
1298,0.246240
1299,0.229683
1300,1
1301,0.158316
1302,0
1303,0.450766
1304,0.419356
1305,0.670179
1306,0.580825
1307,0.515171
1308,0.080476
1309,0.682412
1310,0.274548
1311,0.512179
1312,0.023344
1313,0.077916
1314,0.526666
1315,0.269602
1316,0.800265
1317,0.851268
1318,0.550377
1319,0.801761
1320,0.887155
1321,0.762555
1322,0.662521
1323,0.095568
1324,0.524282
1325,0.192634
1326,0.871673
1327,0.024663
1328,0.178790
1329,0
1330,0.512113
1331,0.047016
1332,1
1333,0.758433
1334,0.868712
1335,1
1336,0.201754
1337,0.739740
1338,0
1339,0.343068
1340,0.656019
1341,0.031953
1342,0.477839
1343,0.271476
1344,0.130556
1345,1
1346,0.602149
1347,0.249813
1348,0.411106
1349,0.697780
1350,1
1351,0.482919
1352,0.367108
1353,0.587993
1354,0.631115
1355,0.174624
1356,0.374987
1357,0.244168
1358,0.672358
1359,0.494178
1360,0.688662
1361,0.966549
1362,0.748122
1363,0.970367
1364,0.413698
1365,0.798882
1366,0.436034
1367,0.809486
1368,0.067795
1369,0.308196
1370,0.857104
1371,0.270608
1372,0.164187
1373,0.595287
1374,0.744458
1375,0.547454
1376,0.653476
1377,0.130574
1378,0.957062
1379,0.706481
1380,0.566123
1381,0.201807
1382,0.461400
1383,0.714653
1384,0.222405
1385,0.098213
1386,0.476709
1387,0.486437
1388,0.503837
1389,1
1390,0.283084
1391,0
1392,0.610923
1393,1
1394,0.380804
1395,0.437337
1396,0.983681
1397,0.637075
1398,0.425215
1399,1
1400,0.460057
1401,0.359572
1402,0.489398
1403,0.656389
1404,0.412510
1405,0.625523
1406,0.733531
1407,0.861364
1408,0.416959
1409,0.302550
1410,0.744159
1411,0.610949
1412,0
1413,0.070835
1414,0
1415,0.315503
1416,1
1417,0.972669
1418,0.366470
1419,0.692037
1420,0.483764
1421,0.498908
1422,0
1423,0
1424,0.594099
1425,1
1426,0.575701
1427,0.672080
1428,0
1429,0.888110
1430,0.746468
1431,0.807803
1432,0.781819
1433,0.053630
1434,0.511597
1435,0.787478
1436,0.729130
1437,0.467732
1438,0.638498
1439,0.640989
1440,0.541398
1441,0.613695
1442,0.358768
1443,0.809813
1444,0.290583
1445,1
1446,1
1447,0.770455
1448,0.624321
1449,0.346227
1450,0.503724
1451,0.087160
1452,0.544940
1453,0.654679
1454,0.140095
1455,0.387697
1456,0.571086
1457,0.579776
1458,0.674570
1459,0.306589
1460,0.391599
1461,0.504324
1462,0.500592
1463,0.499272
1464,0.508230
1465,0.054006
1466,0.632154
1467,0.400616
1468,0.507664
1469,1
1470,0.807589
1471,0.566381
1472,0.429114
1473,0.550450
1474,0.609941
1475,1
1476,0.683774
1477,0.064815
1478,0.891838
1479,0.505319
1480,0.859004
1481,0.686961
1482,1
1483,0.213066
1484,0.934733
1485,0.430296
1486,0.016889
1487,1
1488,0.657483
1489,0.709229
1490,0.607616
1491,0.677386
1492,0.384450
1493,0.624582
1494,0.923979
1495,0.274832
1496,0.653965
1497,0.815556
1498,0.015917
1499,0.830166
1500,0.414015
1501,0.362194
1502,0.196201
1503,0.797771
1504,1
1505,0.599014
1506,0.419816
1507,0.654318
1508,1
1509,0.410012
1510,0.724290
1511,0.148219
1512,0.786371
1513,0.899309
1514,0.515230
1515,1
1516,0.614518
1517,0.544025
1518,0.589682
1519,0.423654
1520,0.540767
1521,0.267060
1522,0.527169
1523,0.948217
1524,0.451390
1525,0.435380
1526,0.677678
1527,0
1528,0.516249
1529,0.707838
1530,0.484033
1531,0.770383
1532,0.563603
1533,0.367393
1534,0.132489
1535,0.722735
1536,0.056567
1537,0
1538,0.631142
1539,0.978750
1540,0.347947
1541,0.714147
1542,0.009305
1543,0.079255
1544,0.763146
1545,1
1546,0.577660
1547,0.532091
1548,0.368848
1549,0.703534
1550,0.196564
1551,0.622395
1552,0.219165
1553,1
1554,0.521807
1555,0.487843
1556,0
1557,0.132970
1558,1
1559,0.493336
1560,0.511773
1561,0.371525
1562,0.057025
1563,0.406936
1564,0.378900
1565,0.273020
1566,0.109466
1567,0.895721
1568,0.907545
1569,0
1570,0.704306
1571,0.635875
1572,0
1573,0.564460
1574,0.544481
1575,0.702697
1576,0.632043
1577,0
1578,0.124369
1579,0.447216
1580,0.548205
1581,0.491046
1582,0.624729
1583,0.683479
1584,0
1585,0.333616
1586,0
1587,0.704984
1588,0.635657
1589,0.511367
1590,0.738998
1591,0.430538
1592,0.702212
1593,0.680153
1594,0.544960
1595,0.361100
1596,0.504186
1597,0.519940
1598,0.570091
1599,0.332468
1600,0.431032
1601,0.161786
1602,0.932693
1603,0.586332
1604,0.886336
1605,0.180154
1606,0.034464
1607,0.696497
1608,0.640225
1609,0
1610,0.680826
1611,0.556871
1612,0.573834
1613,0
1614,0.718412
1615,0
1616,0.399467
1617,0.845230
1618,0.464390
1619,0.891417
1620,0.198826
1621,0.665036
1622,0.256897
1623,0.460106
1624,0.515142
1625,0.388954
1626,0.920444
1627,0.311106
1628,0.912222
1629,0.153500
1630,0.478193
1631,0.641070
1632,0.538220
1633,0.300086
1634,0.380316
1635,0.977934
1636,0.725695
1637,0.118418
1638,0.673636
1639,0.174568
1640,0.571396
1641,1
1642,1
1643,0.632634
1644,0.545879
1645,0.518624
1646,0.995843
1647,0.648525
1648,1
1649,0.515464
1650,0.190255
1651,0.185058
1652,1
1653,0.515288
1654,0.427594
1655,0.870209
1656,0.891736
1657,0.408966
1658,0.743681
1659,0.114263
1660,0.133235
1661,0.643855
1662,1
1663,0.013850
1664,0.923294
1665,0.891243
1666,0.664214
1667,0.127585
1668,0.258955
1669,0.359270
1670,0.493360
1671,0.559392
1672,1
1673,0.467784
1674,0.302757
1675,0.577365
1676,0.406809
1677,0.436036
1678,0.581732
1679,0.553905
1680,0.197364
1681,0.576888
1682,0.937114
1683,0.373291
1684,0.531319
1685,0.329422
1686,0.646842
1687,0.657489
1688,0.231596
1689,0.526719
1690,0
1691,1
1692,0.283208
1693,0.843054
1694,0.349458
1695,0.570650
1696,0.553442
1697,0
1698,0.314809
1699,0.574063
1700,0.588046
1701,0.707708
1702,0.401095
1703,0.448243
1704,0.916243
1705,0.351962
1706,0.457622
1707,0.100643
1708,0.297998
1709,0.601123
1710,0.349597
1711,0.824218
1712,0.354376
1713,0.560385
1714,0.597521
1715,0.464293
1716,0.986140
1717,0.904036
1718,0.507372
1719,0.576065
1720,0.699349
1721,0.275574
1722,0
1723,0.108892
1724,0.040167
1725,0.113512
1726,0.770240
1727,0.414064
1728,0.653965
1729,0.564824
1730,0.616602
1731,0.077980
1732,0.013054
1733,0
1734,0.377553
1735,0.511004
1736,0.828007
1737,0.889997
1738,0.461237
1739,0.353574
1740,0.493788
1741,0.641785
1742,0.779765
1743,0.563136
1744,0.413725
1745,0.521521
1746,0.714433
1747,0.691085
1748,0.450804
1749,0.388117
1750,0.249305
1751,0.516061
1752,0.456930
1753,0.573597
1754,0.449130
1755,0.434595
1756,0.821442
1757,0.797642
1758,0.388516
1759,0.386208
1760,0.386527
1761,0.710715
1762,0.590919
1763,0.357783
1764,0
1765,0.234583
1766,1
1767,0.265077
1768,0.907234
1769,0.637827
1770,0.238855
1771,0.719531
1772,0.447951
1773,0.471318
1774,0.517051
1775,0.793679
1776,0.325561
1777,0.505735
1778,0.685445
1779,0.591314
1780,0
1781,0.368422
1782,0.688129
1783,1
1784,0
1785,0.113127
1786,0.689085
1787,0.491777
1788,0.782911
1789,0.573926
1790,0.464761
1791,0.328755
1792,0.478080
1793,0.867227
1794,0.096586
1795,1
1796,0.915318
1797,0.628050
1798,0.462219
1799,0
1800,0.371061
1801,0.387218
1802,0.985509
1803,0.700344
1804,1
1805,0.505713
1806,0.582869
1807,0.724442
1808,0.824044
1809,1
1810,0.269749
1811,0.305259
1812,0.758337
1813,0.371853
1814,0.648918
1815,0
1816,0.111665
1817,0.150073
1818,0.753124
1819,0.411355
1820,0.688801
1821,0.791934
1822,0.303639
1823,0.129161
1824,0.691357
1825,0.546663
1826,0.901373
1827,0.856215
1828,0.529940
1829,0.251479
1830,0.643781
1831,0.041478
1832,0.246595
1833,0.724679
1834,0.356723
1835,0.177341
1836,0.768377
1837,0.807468
1838,0.302861
1839,0.045275
1840,0.589764
1841,1
1842,0
1843,0.847670
1844,0.104168
1845,0.961489
1846,0
1847,0.595122
1848,0.164406
1849,0.091129
1850,0.502160
1851,0.361189
1852,0.537663
1853,0.052780
1854,0.400154
1855,0.065110
1856,0.393798
1857,0.152330
1858,0.488161
1859,0.193940
1860,0.827592
1861,0.907008
1862,0.448594
1863,0.617231
1864,0.525236
1865,1
1866,0.395467
1867,0.434406
1868,0.044581
1869,1
1870,0.373360
1871,0.779411
1872,0.314701
1873,0.372317
1874,0.377874
1875,0.811476
1876,0.414237
1877,0.427863
1878,0.322187
1879,0.044797
1880,0.305948
1881,0.449625
1882,0.353557
1883,0.434388
1884,0.356046
1885,0.108554
1886,0.808874
1887,0.476688
1888,0.355257
1889,0.207053
1890,0.426577
1891,0.519997
1892,0.437832
1893,0.152707
1894,0.412703
1895,0.718495
1896,0.299763
1897,0.175933
1898,0.909616
1899,0.602701
1900,0.470195
1901,0.416397
1902,0.462654
1903,0.370035
1904,0
1905,0.010503
1906,0.577942
1907,0.547200
1908,0.333616
1909,0.645284
1910,0.036848
1911,0.252183
1912,0.529212
1913,0.446858
1914,0.401719
1915,0.434127
1916,0.390420
1917,0.492187
1918,0.543015
1919,0
1920,0.167047
1921,0.536971
1922,0.638008
1923,0.209977
1924,0.586603
1925,0.089861
1926,0.105764
1927,0.382245
1928,0.759736
1929,0.782314
1930,0.999125
1931,0.546794
1932,0.972669
1933,0.810707
1934,0.501171
1935,0.573491
1936,0.995843
1937,1
1938,0.656006
1939,0.575206
1940,0.653186
1941,1
1942,0
1943,0.794250
1944,0.090009
1945,0.598565
1946,0.416626
1947,1
1948,0.264571
1949,0.014125
1950,0.278833
1951,0.388152
1952,0.412510
1953,0.068429
1954,0.658388
1955,0.563090
1956,0.500172
1957,0.826908
1958,0.241800
1959,0.359058
1960,0.538913
1961,0
1962,0.228843
1963,0.636819
1964,0.572987
1965,0
1966,0.381765
1967,0.880966
1968,0.548033
1969,0.571222
1970,0.501267
1971,0.217144
1972,0.820722
1973,0.420252
1974,0.507464
1975,0.339687
1976,0.310667
1977,0.791679
1978,0.405622
1979,0.913931
1980,1
1981,0.383723
1982,0.044101
1983,0.356168
1984,0.869111
1985,0.770742
1986,0.282781
1987,0.922845
1988,0.727938
1989,0.465500
1990,0.653410
1991,0.441421
1992,0.537207
1993,0.058243
1994,0.407922
1995,0.667046
1996,0.408716
1997,0.513858
1998,1
1999,0
2000,0.299219
2001,0.074549
2002,0.478872
2003,0.893149
2004,0.120566
2005,0.753306
2006,0.426294
2007,0.378215
2008,0.450293
2009,0.457998
2010,0.894039
2011,0.846739
2012,0.228439
2013,0.468034
2014,0.976871
2015,0.797570
2016,0
2017,0.652818
2018,0.933130
2019,0.563220
2020,0
2021,0.623893
2022,1
2023,0.315369
2024,0.288689
2025,0
2026,1
2027,0.339505
2028,0.498759
2029,0.663280
2030,1
2031,0
2032,0.785437
2033,0.866532
2034,0.473350
2035,1
2036,0
2037,0.393451
2038,0.639519
2039,0.726995
2040,0.504182
2041,0.431117
2042,1
2043,0.566608
2044,0.287941
2045,0.617429
2046,0.464963
2047,1
2048,0.873953
2049,0.846399
2050,0.294404
2051,0.580595
2052,0.885923
2053,0.042872
2054,0.576207
2055,0.722806
2056,0.768296
2057,0.089174
2058,0.620186
2059,0.225076
2060,0.536236
2061,0.103733
2062,0.487175
2063,0.561524
2064,1
2065,0.914260
2066,0.635875
2067,0.961176
2068,0.657426
2069,0.452601
2070,0.446687
2071,0.161324
2072,0.359996
2073,0.587752
2074,1
2075,0.170228
2076,0.367829
2077,0.666481
2078,0.230746
2079,0.790769
2080,0.865844
2081,0.921489
2082,0.399152
2083,0.953084
2084,0.270899
2085,0.414291
2086,0.263986
2087,0.745944
2088,0.521368
2089,0.417918
2090,0.422097
2091,0.508878
2092,0.275455
2093,0.130899
2094,0.488288
2095,0.274646
2096,0.418287
2097,0.696934
2098,0.945277
2099,0.504324
2100,0.657655
2101,0.213417
2102,0.783665
2103,0.421156
2104,0.372775
2105,0.469669
2106,0.849157
2107,0.420618
2108,0.396990
2109,0.615957
2110,0.567796
2111,0.543394
2112,0.404036
2113,0.467010
2114,0.271603
2115,0.454613
2116,0.572205
2117,0.367041
2118,0.431612
2119,0.565903
2120,0
2121,0.160447
2122,0.640170
2123,0.256839
2124,0.831038
2125,0.577155
2126,0.084950
2127,0.462225
2128,1
2129,0.768328
2130,0.028930
2131,0.144678
2132,0.015221
2133,0.405065
2134,0.344046
2135,0.879439
2136,0.334824
2137,0
2138,0.628538
2139,0.795472
2140,0.400229
2141,0.704588
2142,0.398811
2143,0.266830
2144,0.122153
2145,0.724633
2146,0.295527
2147,0.504683
2148,0.679230
2149,0.044785
2150,0.545917
2151,0.629390
2152,0.268927
2153,0.402851
2154,0.337834
2155,0.674291
2156,0.105282
2157,0
2158,0.344582
2159,0.764135
2160,0.372354
2161,0.622532
2162,0.140077
2163,0.352096
2164,0.443377
2165,0.567983
2166,1
2167,0.896840
2168,0.350368
2169,0.468015
2170,0.692398
2171,0.222453
2172,0.360087
2173,0.296412
2174,0.410359
2175,0.686744
2176,0
2177,0.176755
2178,0.531037
2179,0.520305
2180,0.495119
2181,0.221695
2182,0.071925
2183,0.199794
2184,0.355134
2185,0.032273
2186,0.778702
2187,0.377126
2188,0
2189,0.514818
2190,0
2191,0.359015
2192,0.407940
2193,1
2194,0.811582
2195,0.584168
2196,0
2197,0.815637
2198,0.389878
2199,0.123421
2200,0.932693
2201,0.598335
2202,0.623338
2203,0.598783
2204,1
2205,0.398166
2206,0.416470
2207,0.638900
2208,0.626283
2209,0.294949
2210,0.607119
2211,0.396588
2212,0.603781
2213,0.399416
2214,0.533199
2215,0.716150
2216,0.408872
2217,0.753874
2218,0.276689
2219,0.988067
2220,1
2221,0.554710
2222,0.952122
2223,0.605602
2224,0.753728
2225,0
2226,0.491630
2227,0
2228,0.058046
2229,0.342502
2230,0.633351
2231,0.696957
2232,0.667946
2233,0.687679
2234,0.542131
2235,0.657089
2236,0.573904
2237,0.755450
2238,0.301181
2239,0.868121
2240,0.681495
2241,1
2242,0.616091
2243,0.984364
2244,0.200110
2245,0.234901
2246,0.625280
2247,1
2248,0.740807
2249,0.290064
2250,1
2251,0.703799
2252,0.472054
2253,0.055668
2254,0.521393
2255,0.836399
2256,0.526971
2257,0.313972
2258,0.726331
2259,0.362194
2260,0.678686
2261,0.185246
2262,0.430712
2263,0.651438
2264,0.767615
2265,0
2266,0.396327
2267,0.114892
2268,0.743674
2269,1
2270,0.347035
2271,0.210167
2272,0.430624
2273,0.936501
2274,1
2275,1
2276,0.462219
2277,0.061517
2278,0.329582
2279,0.634744
2280,1
2281,0.142104
2282,0.746774
2283,0.521761
2284,0.325330
2285,0.581525
2286,0.334914
2287,0.122405
2288,0.309981
2289,0.166036
2290,0.222827
2291,0.322230
2292,0.729118
2293,0.331461
2294,0.260993
2295,0.756607
2296,0.303797
2297,0.585868
2298,0.488308
2299,0.608109
2300,0.503105
2301,0.560908
2302,1
2303,0.914841
2304,0.346862
2305,0.683027
2306,0.058058
2307,0.580266
2308,0.553238
2309,0.389004
2310,0.264205
2311,0
2312,0
2313,0.506640
2314,0.380630
2315,0.364016
2316,0.919697
2317,0.431304
2318,0.598709
2319,0.343728
2320,0.028752
2321,0.788445
2322,0.300440
2323,0.633452
2324,0.653274
2325,0.536200
2326,0.582145
2327,0.414205
2328,0.628011
2329,0.456469
2330,0.587360
2331,0.271590
2332,0
2333,0.430922
2334,0.801215
2335,0.949551
2336,0.623222
2337,1
2338,0.666500
2339,0.170193
2340,0.321593
2341,0.696187
2342,0.502507
2343,0.615396
2344,0.973426
2345,0.406290
2346,0.514722
2347,0.128144
2348,0.252461
2349,0.772265
2350,0.919837
2351,0.210159
2352,0.448044
2353,0
2354,0.586456
2355,1
2356,1
2357,0.520850
2358,0.970402
2359,0.573191
2360,0.697624
2361,0.747345
2362,0.790122
2363,0.842596
2364,0.392251
2365,0.426028
2366,0.149210
2367,0.153619
2368,0.905337
2369,0.853537
2370,0.349835
2371,0.709649
2372,0.743403
2373,0.106527
2374,0.366620
2375,0.627537
2376,0.693935
2377,0.648168
2378,0.375223
2379,0.792905
2380,0.342519
2381,0.844678
2382,0.488461
2383,0
2384,0.420646
2385,0.065110
2386,0.905162
2387,0.728843
2388,0.552386
2389,0.366077
2390,0.349794
2391,0.447281
2392,0.221860
2393,0.675050
2394,0.958752
2395,0.295147
2396,0.386189
2397,0.425302
2398,0.019265
2399,0.126833
2400,0.902791
2401,0.401719
2402,0.477215
2403,0.155543
2404,1
2405,0.376253
2406,0.431567
2407,0.768927
2408,0.014039
2409,0.252817
2410,0.267279
2411,0.478730
2412,0.054524
2413,0.473033
2414,0.576271
2415,0.571258
2416,0.406392
2417,0.617777
2418,0.804311
2419,0.342990
2420,0.605657
2421,0.374438
2422,0.529717
2423,0
2424,0.466183
2425,0.526313
2426,0.412040
2427,0.771695
2428,0.793591
2429,0.605837
2430,0.320334
2431,0.745670
2432,0.388600
2433,0.377278
2434,0.834613
2435,0.652589
2436,0.684025
2437,0.453671
2438,0.097740
2439,0.547617
2440,0.154351
2441,0.931141
2442,1
2443,0.425892
2444,1
2445,0.574146
2446,0.062617
2447,0.234788
2448,0.635446
2449,0.427159
2450,0.453644
2451,0.038919
2452,0.553689
2453,0.632120
2454,1
2455,0.239391
2456,0.698492
2457,0.428788
2458,0.250273
2459,0.900214
2460,1
2461,0.543568
2462,0.602647
2463,0.892429
2464,0.266391
2465,0.852486
2466,0.488743
2467,0.229258
2468,0.987637
2469,0.362887
2470,0.262552
2471,0.627658
2472,0.591366
2473,0.955624
2474,0.668952
2475,0.337578
2476,0.984488
2477,0.899630
2478,0.493409
2479,0
2480,0.971936
2481,0.334378
2482,0.301306
2483,0.450104
2484,0.739106
2485,0.791746
2486,0.245014
2487,1
2488,0.175118
2489,0.341952
2490,0.987894
2491,0.542793
2492,0.611183
2493,0.585004
2494,0.575699
2495,0
2496,0.573095
2497,0
2498,0.478330
2499,0.488427
2500,0.264205
2501,0.220863
2502,0.732718
2503,0.008697
2504,1
2505,0.066749
2506,0.381751
2507,0.051173
2508,0.676142
2509,0.721287
2510,0.483038
2511,0.295372
2512,0.720022
2513,0.580608
2514,0
2515,0.811945
2516,0.055568
2517,0.335638
2518,0.433326
2519,0
2520,0.769577
2521,0.860234
2522,0.076299
2523,0.683684
2524,0.172208
2525,0.733945
2526,0.167143
2527,0
2528,0.997410
2529,0.409798
2530,0.511779
2531,0.460544
2532,0.767486
2533,0.689596
2534,1
2535,0.713673
2536,0.454036
2537,0.624480
2538,0.831847
2539,0.556160
2540,0.534459
2541,0.589832
2542,0.463180
2543,1
2544,0.442546
2545,0.029598
2546,0
2547,0.457466
2548,0.620847
2549,1
2550,0.574408
2551,0.535117
2552,0.717568
2553,0.622820
2554,1
2555,0.376743
2556,0.599092
2557,0.477180
2558,0.530227
2559,0.223088
2560,0.552427
2561,0.209977
2562,0.133879
2563,0.227480
2564,0
2565,0.632984
2566,0.622390
2567,0.355503
2568,0.001518
2569,0.459165
2570,0.772357
2571,0.581582
2572,0.964099
2573,0.451653
2574,0.335029
2575,0.561147
2576,0.388855
2577,0.517823
2578,0.407685
2579,0.809585
2580,0.400059
2581,0.704628
2582,0.111787
2583,0.347630
2584,0.637387
2585,0.494527
2586,0.281016
2587,0.460057
2588,0.867171
2589,0.381503
2590,0.579004
2591,0.597342
2592,0.987662
2593,0.262953
2594,0.506371
2595,0.769925
2596,0.800919
2597,0.192342
2598,0.162800
2599,0.053779
2600,0.575868
2601,0.673687
2602,0.403285
2603,0.355943
2604,1
2605,0.540073
2606,0.227868
2607,0.251445
2608,0
2609,0.759657
2610,0.481542
2611,0.677679
2612,0.925440
2613,0.167845
2614,1
2615,0.128553
2616,0.126556
2617,0.372317
2618,0.655693
2619,0.569382
2620,0.440448
2621,0.196006
2622,0.912606
2623,0.537616
2624,0.051715
2625,0.483809
2626,0.484453
2627,0.483973
2628,0
2629,0.542396
2630,0.530079
2631,0.914395
2632,0.532394
2633,0.603994
2634,0.379236
2635,0.683106
2636,1
2637,0
2638,0.539948
2639,0
2640,0.536093
2641,0.792878
2642,0
2643,0
2644,0.550843
2645,0.488687
2646,0.729175
2647,0.543926
2648,0.406259
2649,0.579068
2650,0.354277
2651,1
2652,0.575941
2653,0.755193
2654,0.325962
2655,0.539619
2656,0.710633
2657,0.764768
2658,0.644014
2659,0.610104
2660,0.373043
2661,0.973141
2662,0.726276
2663,0.018026
2664,0.497049
2665,0.520975
2666,0.377325
2667,0.277343
2668,0.736922
2669,0.171875
2670,0.071896
2671,0.825891
2672,0.193599
2673,0.208823
2674,0.452866
2675,0.348770
2676,0.462132
2677,0.447329
2678,0.207709
2679,0.332913
2680,0.559966
2681,0.346231
2682,0.107195
2683,0.460714
2684,0.369644
2685,0.288797
2686,0.322345
2687,0.346661
2688,1
2689,0
2690,0.329503
2691,0.930650
2692,1
2693,0.402288
2694,0
2695,0.393469
2696,0.509517
2697,0
2698,1
2699,1
2700,0.554876
2701,0.540407
2702,0.008915
2703,0.664328
2704,0.803737
2705,0.548884
2706,0.493081
2707,0.290227
2708,0.973621
2709,0.122079
2710,0.623435
2711,0.443436
2712,0.602780
2713,0.926881
2714,0.475373
2715,0.336265
2716,0
2717,0.280935
2718,0.796725
2719,0.591766
2720,0.315094
2721,0.830140
2722,0.656932
2723,0.473732
2724,0.058553
2725,0.238204
2726,0.735262
2727,0.913128
2728,1
2729,0.024102
2730,0.543631
2731,0.539063
2732,0.890026
2733,0.456016
2734,0.006454
2735,0.211408
2736,0.459236
2737,0.899124
2738,0.331018
2739,0.035775
2740,0.692996
2741,0.710872
2742,0.822540
2743,0.546068
2744,0.860745
2745,0.407446
2746,0.160365
2747,0.813382
2748,1
2749,0.080523
2750,0.503412
2751,0.862092
2752,0.380148
2753,0.069582
2754,0.203367
2755,0.214831
2756,0.789837
2757,0.677155
2758,0.147116
2759,1
2760,0.184199
2761,0.050173
2762,0.198018
2763,0.878384
2764,0.385763
2765,0.251376
2766,0.650165
2767,0.589817
2768,0.785134
2769,0.852262
2770,0.174568
2771,0.413548
2772,0.035775
2773,0.789031
2774,0.408973
2775,0.706669
2776,0.258850
2777,0.757226
2778,0.400210
2779,0.151062
2780,0.961176
2781,0.510082
2782,0.375065
2783,0.470937
2784,0
2785,0.727483
2786,0.639229
2787,0.026572
2788,0.602356
2789,0.854789
2790,0.800400
2791,0
2792,0
2793,0.492099
2794,0.359558
2795,0.640861
2796,0.348018
2797,0.352038
2798,0.493360
2799,0.778524
2800,0.364698
2801,0.759366
2802,0.511816
2803,0.104002
2804,0.477541
2805,0.691342
2806,0.659712
2807,0.473899
2808,0
2809,0.610141
2810,0.549432
2811,0
2812,0.530883
2813,0.843421
2814,0.919091
2815,0.536918
2816,0.710470
2817,0.496652
2818,0.885108
2819,0.587771
2820,0.301276
2821,0.454887
2822,0.100681
2823,1
2824,0.669347
2825,0.760830
2826,0.589901
2827,0.385759
2828,0.417932
2829,0
2830,0.442041
2831,0.448018
2832,1
2833,0.300090
2834,0.450574
2835,0.393835
2836,0.702674
2837,0.911411
2838,0
2839,0.244286
2840,0.501942
2841,0.603337
2842,0.276082
2843,0.523672
2844,0
2845,0.528422
2846,0.598008
2847,0.701346
2848,0.219127
2849,0.961754
2850,0.737680
2851,0.993596
2852,0.890589
2853,0.221928
2854,0.919857
2855,0.336767
2856,1
2857,0.499157
2858,1
2859,0
2860,0.427182
2861,0.369027
2862,0.455666
2863,0.361843
2864,0.687280
2865,0.828509
2866,0.999416
2867,0.729118
2868,0.785203
2869,0.109888
2870,0.307717
2871,0.985475
2872,0.345458
2873,0.405242
2874,0.522684
2875,0.594713
2876,0.285793
2877,0.438846
2878,0.759915
2879,0.780573
2880,0.513543
2881,0.544275
2882,0.505620
2883,0.091777
2884,0.339086
2885,0.100326
2886,0.771261
2887,0.310380
2888,0.001196
2889,0.367244
2890,1
2891,0.615570
2892,0.437844
2893,0.490296
2894,0.282101
2895,0.542964
2896,0
2897,0.838400
2898,0.419952
2899,0.458955
2900,1
2901,0
2902,0.076866
2903,0.630480
2904,0.698942
2905,0.279110
2906,0.685580
2907,0.735823
2908,0.746750
2909,1
2910,0.596475
2911,0.415526
2912,0.507160
2913,0.046186
2914,0.803708
2915,0.168168
2916,0.291543
2917,0.845898
2918,0.398147
2919,0.616009
2920,0.567449
2921,0.414169
2922,0.631152
2923,0.546926
2924,0.641099
2925,0.529187
2926,0.433640
2927,0.596166
2928,0.794723
2929,0.306417
2930,0.386305
2931,0.488221
2932,0.417769
2933,0.982904
2934,0.472700
2935,0.584117
2936,0.294868
2937,0.481384
2938,0.351519
2939,0.239860
2940,0.793063
2941,0.446594
2942,0.123067
2943,0.601437
2944,0.006404
2945,0.848016
2946,0
2947,0.475654
2948,0.487539
2949,0.738191
2950,0.333616
2951,0.921175
2952,0.755191
2953,0.245775
2954,0.675432
2955,0.567253
2956,0.537337
2957,0.767604
2958,0.291856
2959,0.691400
2960,0.539513
2961,0.375159
2962,0.454700
2963,0.533750
2964,0.704979
2965,0.887379
2966,0.418021
2967,0.409026
2968,0.099179
2969,0.211283
2970,0.694245
2971,0.356508
2972,0.715114
2973,0.568701
2974,0.778485
2975,0
2976,0.526102
2977,0.789203
2978,0.671723
2979,0.873801
2980,0.289538
2981,0.663680
2982,0
2983,0.021367
2984,0.868474
2985,0.656470
2986,0.323498
2987,0.511901
2988,0.066613
2989,0.522056
2990,0.528318
2991,0.430133
2992,0
2993,0.446160
2994,0.337453
2995,0.549924
2996,0.500393
2997,0.816723
2998,0.460344
2999,0.563605
3000,0.249928
3001,0.249928
3002,0.459850
3003,0.478878
3004,0.100643
3005,0.635644
3006,0.687016
3007,0.244734
3008,0.993930
3009,0.779411
3010,0.543700
3011,0.691127
3012,0.891891
3013,0.345458
3014,0.845649
3015,0.199705
3016,0.660716
3017,0.421762
3018,0.810773
3019,0.281093
3020,0.545369
3021,0.738365
3022,0.400947
3023,1
3024,0.624197
3025,0.264738
3026,0.653660
3027,0.460347
3028,1
3029,0.843440
3030,0.300262
3031,0.847924
3032,0.994588
3033,0.929335
3034,0.065513
3035,0.707842
3036,0.598699
3037,0.363759
3038,0.171827
3039,0.433619
3040,0.659382
3041,0.400210
3042,0.350782
3043,0.974798
3044,0.457793
3045,0.492783
3046,1
3047,0.446704
3048,1
3049,0.713942
3050,0.403099
3051,0.061517
3052,0.891243
3053,0.798944
3054,1
3055,0.447368
3056,0.184980
3057,0.584255
3058,0.524686
3059,0.993546
3060,0.669707
3061,0.905147
3062,0.189684
3063,0.098995
3064,0.132489
3065,0.820399
3066,0.822199
3067,0.627718
3068,0.604154
3069,0.244168
3070,0.471832
3071,0.266058
3072,0.964750
3073,0.360718
3074,0.456717
3075,0
3076,0.990502
3077,0.090984
3078,1
3079,1
3080,1
3081,0.482802
3082,0.838400
3083,0.265884
3084,0.467831
3085,0.908664
3086,0.278137
3087,1
3088,0.291781
3089,0.336475
3090,0.621170
3091,0.210302
3092,1
3093,0.504324
3094,0.643215
3095,0.246023
3096,0.209249
3097,0.510186
3098,1
3099,0.603861
3100,0.532556
3101,0.564921
3102,0.248401
3103,0.388078
3104,0.168282
3105,1
3106,0
3107,0
3108,0.104367
3109,0.083955
3110,0.634938
3111,0.986910
3112,0.522930
3113,0.487796
3114,0.797194
3115,0.475718
3116,0.647639
3117,0.228685
3118,0.334695
3119,0.780962
3120,0.829103
3121,0.389884
3122,0.285985
3123,0.498211
3124,0.105842
3125,0
3126,0.514777
3127,0.916692
3128,0.614333
3129,0.787473
3130,0.902804
3131,0.434910
3132,0.960694
3133,1
3134,0.755193
3135,0.495112
3136,1
3137,0.818134
3138,0.737312
3139,0.260993
3140,0
3141,0.584429
3142,0.364125
3143,0.904322
3144,0.747294
3145,0.271929
3146,0.230754
3147,1
3148,0.514299
3149,0.204729
3150,0.735110
3151,0.169862
3152,0.923007
3153,0.276184
3154,0.694474
3155,0.278589
3156,0.282955
3157,0.943017
3158,0.585320
3159,0.086223
3160,0.577145
3161,0.488646
3162,0.865512
3163,0.474066
3164,0.483240
3165,0.565573
3166,0.418272
3167,0.833954
3168,0.628224
3169,0.312204
3170,0.487828
3171,0.732276
3172,0.398428
3173,0
3174,0.850119
3175,0.475388
3176,0.161806
3177,0.934136
3178,0.635389
3179,0.770254
3180,0.419744
3181,0.558873
3182,0.694801
3183,0.110560
3184,0.371724
3185,0.010723
3186,0.188726
3187,0.610251
3188,0.498856
3189,0.296475
3190,0.798967
3191,0
3192,0.555314
3193,0.696038
3194,0.008068
3195,0.354802
3196,0.613851
3197,0.444907
3198,0.573777
3199,0.398964
3200,0.107357
3201,0.827572
3202,0.412873
3203,0.222936
3204,0.303345
3205,0.392384
3206,0.276436
3207,0.896270
3208,0.563108
3209,0.890053
3210,0.450104
3211,0.590395
3212,0.496490
3213,0.536460
3214,0.703919
3215,0.238481
3216,0.487914
3217,0.211777
3218,0.516932
3219,0.115322
3220,0.581235
3221,0.339629
3222,0.955899
3223,0.514227
3224,0.784798
3225,0.260628
3226,0.297118
3227,0.512399
3228,0.221902
3229,0.478090
3230,0.529414
3231,0.033345
3232,0.337183
3233,0.340122
3234,0.225259
3235,0.595033
3236,0
3237,0.439962
3238,0.275726
3239,0
3240,0.334162
3241,0.367897
3242,0.629291
3243,0.344116
3244,0.586896
3245,0.724679
3246,0.304170
3247,0.956833
3248,0.643957
3249,0.538085
3250,1
3251,0.888078
3252,0
3253,0.413304
3254,1
3255,0.532988
3256,0.842204
3257,0
3258,0.419689
3259,0.366333
3260,0.732926
3261,0.533337
3262,0.441117
3263,0.534318
3264,0.236627
3265,0.428108
3266,0
3267,0.504965
3268,0.808594
3269,0.472102
3270,0.096586
3271,0.484444
3272,0.133855
3273,0.427934
3274,0.553339
3275,0.755274
3276,0.185497
3277,0.538120
3278,0.714038
3279,0.328099
3280,1
3281,1
3282,0.746744
3283,0.752223
3284,0.628744
3285,0.877842
3286,0.219501
3287,0.009632
3288,0.505040
3289,0.466663
3290,0.404003
3291,1
3292,0.364966
3293,0.947666
3294,0.491133
3295,0.514465
3296,0.358550
3297,1
3298,0.436975
3299,0.333528
3300,0.232585
3301,0.293069
3302,0.301751
3303,0.296412
3304,0.198452
3305,0
3306,0
3307,0.215514
3308,0.675806
3309,0.763560
3310,0.463514
3311,0.235376
3312,0.561331
3313,1
3314,0.313246
3315,0.726593
3316,0.612389
3317,0.357010
3318,1
3319,0.656140
3320,0.356036
3321,0.219912
3322,0.391894
3323,0.485249
3324,0.131879
3325,0.958799
3326,0.938854
3327,0.586603
3328,0.471464
3329,0.270340
3330,0.365674
3331,0.540907
3332,0
3333,0.650340
3334,0.581088
3335,0.341588
3336,0.790720
3337,0.095328
3338,0.277132
3339,0.867279
3340,0.395713
3341,0.028950
3342,0.669813
3343,0.310266
3344,0.843557
3345,0.308747
3346,0.286266
3347,0.022955
3348,0.394792
3349,0.646897
3350,0.746675
3351,0.410923
3352,1
3353,0.668775
3354,0.168162
3355,0.069438
3356,0.870130
3357,0.963535
3358,0.471105
3359,0.511416
3360,0.613589
3361,0
3362,0.480703
3363,0.877464
3364,0.292885
3365,0.122405
3366,0.667946
3367,0.383051
3368,0.214762
3369,0.374616
3370,0.488315
3371,0.986769
3372,0.197598
3373,1
3374,0
3375,1
3376,0.299297
3377,0.488919
3378,0.614226
3379,0.600709
3380,0.250526
3381,0.678606
3382,0
3383,0.459776
3384,0.625523
3385,0.567309
3386,0.164956
3387,0.562616
3388,0.382602
3389,0.605762
3390,0.732646
3391,0.460544
3392,0.343860
3393,1
3394,0.546703
3395,0.345578
3396,1
3397,0.644941
3398,0.150175
3399,0.764072
3400,0.398187
3401,0.597368
3402,0.394763
3403,0.104016
3404,0.488427
3405,0.872176
3406,0.367167
3407,0.471250
3408,0.437724
3409,0.606626
3410,0.731518
3411,1
3412,0.487539
3413,0.666259
3414,0.768702
3415,0.826908
3416,0.729691
3417,0.635742
3418,0.641084
3419,0.405566
3420,0.284232
3421,0.498621
3422,0.605489
3423,0.481592
3424,1
3425,0.042290
3426,0.492502
3427,0.409522
3428,1
3429,0.475157
3430,0.390842
3431,1
3432,0.574146
3433,0.758823
3434,0.378694
3435,0.456953
3436,0.119276
3437,0.664714
3438,0.153657
3439,0.653820
3440,0.293529
3441,0.893997
3442,0
3443,0.108521
3444,0.236990
3445,0.691822
3446,0.635926
3447,0.517630
3448,0.145307
3449,0.274990
3450,0.477365
3451,0.752619
3452,0.796775
3453,0.131911
3454,0.079536
3455,0.275424
3456,0.335275
3457,0.633137
3458,1
3459,0.605418
3460,0.492397
3461,0.675475
3462,0.462548
3463,0
3464,0.708779
3465,0.088171
3466,0.542573
3467,0.686669
3468,0
3469,0.496708
3470,0.050628
3471,0.240311
3472,0.802636
3473,0.253600
3474,0.459696
3475,0.734392
3476,0.814942
3477,0.348001
3478,0.220530
3479,0.519729
3480,0
3481,0.473311
3482,0.017151
3483,0.712059
3484,0.570055
3485,0.138703
3486,0.766182
3487,0.190506
3488,0.410873
3489,0.135626
3490,0.607119
3491,0.569835
3492,0.890556
3493,0.531542
3494,0.596901
3495,0
3496,0.340204
3497,0.312595
3498,0.788445
3499,0.021101
3500,0.359743
3501,0
3502,0.059083
3503,0.068634
3504,0.490353
3505,0.784552
3506,0.812250
3507,0.360718
3508,0.455795
3509,0.929281
3510,0.694583
3511,0.577814
3512,0.811591
3513,0.129542
3514,0
3515,0.589918
3516,0.635270
3517,0.569111
3518,0.376306
3519,0.223249
3520,0.613939
3521,0.295796
3522,0.506587
3523,0.357115
3524,0.658412
3525,0.181893
3526,0.201525
3527,0.334599
3528,0.462747
3529,0.585632
3530,0.548309
3531,0.558710
3532,0.830678
3533,0.078584
3534,0.731228
3535,0.706299
3536,0.964212
3537,0.854708
3538,0.320291
3539,0.941668
3540,0.203778
3541,1
3542,0.272714
3543,0.381513
3544,0.581599
3545,1
3546,0.301106
3547,0.557620
3548,0.552705
3549,0.659241
3550,0.344152
3551,0
3552,0.507332
3553,0.552325
3554,0.153619
3555,0.317450
3556,0.992656
3557,0.683982
3558,0.547435
3559,0.525072
3560,0.519291
3561,0.473673
3562,0.163803
3563,0.644465
3564,0.320348
3565,0.108461
3566,0.586893
3567,0.597543
3568,0.862468
3569,1
3570,0
3571,0.836197
3572,0.913070
3573,0.651396
3574,0.980103
3575,0.545539
3576,0.255342
3577,0.235584
3578,0.441262
3579,0.377931
3580,0.478282
3581,0.122997
3582,0.631594
3583,1
3584,0.900328
3585,0.724845
3586,0.142429
3587,0.397308
3588,0.452777
3589,0.304811
3590,0.526815
3591,1
3592,0.193481
3593,0.379921
3594,0.381764
3595,0.539311
3596,0.519130
3597,0.310789
3598,0.692175
3599,0.311054
3600,0.325516
3601,0.420129
3602,0.389821
3603,0.796408
3604,0.378323
3605,0.624684
3606,0.408016
3607,0.836444
3608,0.241763
3609,0.104002
3610,0.759396
3611,0.382604
3612,0
3613,0.426458
3614,0.720005
3615,0.547435
3616,0.533947
3617,0.538483
3618,0.713519
3619,0.819761
3620,0
3621,0.446554
3622,0
3623,0.513240
3624,1
3625,0.535491
3626,0.700890
3627,0.445331
3628,0
3629,0.836900
3630,0.365881
3631,0.654318
3632,0.260736
3633,0.218256
3634,0.962569
3635,0.731858
3636,0.553933
3637,0.707355
3638,0.711247
3639,0.208916
3640,0.773355
3641,0.473029
3642,1
3643,0.363469
3644,0.860234
3645,0.444839
3646,0.308513
3647,0.559180
3648,0.820168
3649,0.623473
3650,0.492941
3651,0.220355
3652,0.864456
3653,0.340050
3654,0.216959
3655,0.602356
3656,0.511313
3657,0.834252
3658,0.695879
3659,0.209815
3660,0.756140
3661,0.619227
3662,0.266055
3663,0.410296
3664,0.936528
3665,0.696371
3666,0.467576
3667,0.509066
3668,0.167429
3669,0
3670,0.241022
3671,0.680712
3672,0.607902
3673,0.285741
3674,0.034225
3675,1
3676,0.593109
3677,0
3678,1
3679,0.332326
3680,0.736977
3681,0.446067
3682,0.232385
3683,0.637337
3684,0.443513
3685,0.714638
3686,0.470781
3687,0.622635
3688,0.539808
3689,0.631436
3690,0.554935
3691,0
3692,0.690729
3693,0.265510
3694,0.812442
3695,0.595465
3696,0.256819
3697,0.190214
3698,0.502923
3699,1
3700,0.557034
3701,1
3702,0.422604
3703,0.675726
3704,0.262702
3705,0.917051
3706,0.502918
3707,0.449171
3708,1
3709,0.580494
3710,0.007617
3711,0.493336
3712,0.435254
3713,0.652907
3714,0.395518
3715,0.855104
3716,0.617398
3717,0
3718,0.657679
3719,0.587960
3720,0.755304
3721,0.350319
3722,0.615548
3723,0.728200
3724,0.318869
3725,0.172414
3726,0
3727,0.043109
3728,0.098508
3729,1
3730,0.953659
3731,0.756164
3732,0.019434
3733,0.423415
3734,0.821766
3735,0.598788
3736,0.484858
3737,0.077916
3738,0.414745
3739,0.516430
3740,0.349285
3741,0.451990
3742,0.068376
3743,0.130030
3744,0.647593
3745,0.787798
3746,0.417487
3747,0.751473
3748,0.113664
3749,0.570884
3750,0.641348
3751,0
3752,0.092992
3753,0.487821
3754,0.730350
3755,0.081665
3756,0.347115
3757,0.324068
3758,0.970256
3759,0
3760,0.485757
3761,0.080143
3762,0.467020
3763,0.349141
3764,0.791746
3765,0.509524
3766,0.627509
3767,0.628763
3768,0.734410
3769,0.076049
3770,0.662957
3771,0.031235
3772,0.406342
3773,0.425302
3774,0
3775,0.496662
3776,1
3777,0.378941
3778,0.549265
3779,0.334872
3780,0.500271
3781,0.620855
3782,0.468026
3783,0.503442
3784,0.686763
3785,0.040259
3786,0.277317
3787,0.586626
3788,0.746769
3789,0.594812
3790,0.470086
3791,0.390292
3792,0.597834
3793,0.070528
3794,0.127060
3795,1
3796,0
3797,0.874969
3798,0.487715
3799,0.483213
3800,0.774333
3801,0.826232
3802,0.455426
3803,0.114899
3804,0.537199
3805,1
3806,0.683602
3807,0.869852
3808,0.310833
3809,0.237664
3810,0.583120
3811,0.415162
3812,0.487749
3813,0.569228
3814,0.190974
3815,0.864339
3816,0.836170
3817,1
3818,0.559935
3819,0.287307
3820,1
3821,0.222307
3822,0.362233
3823,0.543602
3824,0.344888
3825,0.355666
3826,1
3827,0.895226
3828,0.224593
3829,0.767501
3830,0.281587
3831,0.637000
3832,1
3833,0.513064
3834,0.262255
3835,0.402375
3836,0.731073
3837,0.102957
3838,0.737395
3839,0
3840,0.232501
3841,0.150730
3842,0.718612
3843,0.552841
3844,0
3845,0.348958
3846,0.507876
3847,0.568821
3848,0.610611
3849,0.566508
3850,0.806910
3851,0.379571
3852,0.845787
3853,0.477096
3854,0.473067
3855,0.708144
3856,0.506277
3857,0.980972
3858,0
3859,0.594991
3860,0.645887
3861,0.428249
3862,1
3863,0.516885
3864,1
3865,0.411355
3866,0.874812
3867,0.648914
3868,0.795141
3869,0.608195
3870,0.769460
3871,0.338586
3872,1
3873,0.714990
3874,0.590651
3875,0.935274
3876,0.909398
3877,0.778723
3878,0.559536
3879,0
3880,0.480251
3881,0.647914
3882,0.881840
3883,0.356907
3884,0.523883
3885,0.976053
3886,0.491077
3887,1
3888,0.765858
3889,0.557471
3890,0
3891,0.676290
3892,0.436662
3893,0.704389
3894,0.237459
3895,0.714619
3896,0.528289
3897,0.738806
3898,0.725112
3899,0.342750
3900,0.986101
3901,0.696524
3902,0.444686
3903,0.504731
3904,1
3905,0.364564
3906,0.911698
3907,0.489891
3908,0.446057
3909,0.804637
3910,0.183591
3911,0.876828
3912,0.279200
3913,0.426558
3914,0.306138
3915,0.869428
3916,0.622361
3917,0.775006
3918,0.211249
3919,0.336948
3920,0.334687
3921,0.393526
3922,0.150129
3923,0.966439
3924,0.729783
3925,0.506640
3926,0.938854
3927,0.486141
3928,0.717843
3929,0.250881
3930,0.050307
3931,0.121662
3932,0.058998
3933,0.595613
3934,0.192197
3935,0.106090
3936,0.122393
3937,0.279126
3938,0.992643
3939,0.444660
3940,0.268874
3941,0.206666
3942,0.631029
3943,0.363242
3944,0.410359
3945,0.176812
3946,0.160311
3947,0.389342
3948,0.435418
3949,0.436512
3950,0.994249
3951,0.579844
3952,0.898118
3953,0.225537
3954,0.497698
3955,0.522785
3956,0.420341
3957,0.910891
3958,0.217354
3959,0.053072
3960,0.703640
3961,0.781671
3962,0.489398
3963,0.575777
3964,0.730493
3965,0.591242
3966,0.305013
3967,0.822697
3968,0.350019
3969,0.645734
3970,0.122530
3971,0
3972,0.415572
3973,0
3974,0.692554
3975,0.909914
3976,0.688476
3977,0
3978,0.976359
3979,0.527699
3980,0.569977
3981,0
3982,0.880677
3983,0.611572
3984,0.008917
3985,0.300532
3986,0.437103
3987,0.836684
3988,0.486557
3989,0
3990,0.953112
3991,0
3992,0.438869
3993,0.398483
3994,0.612960
3995,0.595033
3996,0.467390
3997,0.819090
3998,0.835972
3999,0.253241
4000,0
4001,0.158381
4002,0.418188
4003,0.535300
4004,0.123963
4005,0.186276
4006,0.479109
4007,0.251666
4008,0.360779
4009,0.393091
4010,0.991080
4011,0.382946
4012,0.226689
4013,0.529187
4014,0.212402
4015,0.146270
4016,0.428078
4017,0.473028
4018,0.349401
4019,0.032322
4020,0.481681
4021,0.764416
4022,0.839025
4023,0.413825
4024,0.471505
4025,0.365435
4026,0.484688
4027,0.514333
4028,0.846623
4029,0.629573
4030,0.489185
4031,0.890573
4032,0.100643
4033,0.606206
4034,0
4035,0.335830
4036,0.682130
4037,0.532149
4038,0.912098
4039,0.510829
4040,0.581542
4041,0
4042,0
4043,0.619614
4044,0.388869
4045,0.614685
4046,0.372732
4047,1
4048,0
4049,0.578534
4050,0.513758
4051,0.588566
4052,0.763501
4053,0.327860
4054,0.214760
4055,1
4056,0.618754
4057,1
4058,0.452338
4059,0.592371
4060,0.400974
4061,1
4062,0.440786
4063,0.672430
4064,0.429081
4065,0.262720
4066,0.185120
4067,0.547409
4068,0.099894
4069,0.356920
4070,0.759105
4071,0.023061
4072,0.726088
4073,0.214576
4074,0.926167
4075,0.714038
4076,0.646431
4077,0.103587
4078,0.557168
4079,0.815035
4080,0.409290
4081,0.614319
4082,0.276931
4083,0.404458
4084,0.522930
4085,0.110166
4086,0.876536
4087,0.605619
4088,0.461913
4089,0.629142
4090,1
4091,0.368230
4092,0.493807
4093,0.563948
4094,0.784815
4095,0.535472
4096,1
4097,0.486554
4098,0.478257
4099,0.547126
4100,1
4101,0.330350
4102,0.628722
4103,0.599309
4104,0.797633
4105,0.415988
4106,0.617587
4107,0.246614
4108,0.585623
4109,0.418595
4110,0.740644
4111,1
4112,0.746636
4113,1
4114,0.660908
4115,0.743103
4116,0.411139
4117,0.456928
4118,0.430165
4119,0.735627
4120,0.115474
4121,0.128669
4122,0.083052
4123,0.400200
4124,1
4125,0.568807
4126,0.473334
4127,0.590017
4128,0.764971
4129,0.265854
4130,0.821586
4131,1
4132,0.630961
4133,0.801337
4134,0.280214
4135,0.500230
4136,0.024643
4137,0
4138,0.336975
4139,0.196604
4140,0.546145
4141,0.703583
4142,0
4143,0.151218
4144,0.563603
4145,0.329140
4146,0.716085
4147,0.749261
4148,1
4149,0.019802
4150,0.890017
4151,0.533072
4152,0
4153,0.550499
4154,0.193737
4155,0.937031
4156,0.178209
4157,0.620660
4158,0.763697
4159,0.669087
4160,0.519468
4161,0.138790
4162,0.118344
4163,0.435019
4164,0.154504
4165,0.895117
4166,0.555734
4167,0.605171
4168,0
4169,0
4170,0.551756
4171,0.423876
4172,0.514787
4173,0.457206
4174,0.235033
4175,0.188798
4176,0.035634
4177,0.262072
4178,0.837394
4179,0.395812
4180,0
4181,1
4182,1
4183,0.491498
4184,0.316521
4185,0.973845
4186,0.772393
4187,0.631971
4188,0.598292
4189,0.338589
4190,0.496556
4191,0.251276
4192,0
4193,0.826219
4194,0.163009
4195,0.494840
4196,0.989417
4197,0.677522
4198,0.657978
4199,0.735061
4200,0.383775
4201,0.223278
4202,0.233653
4203,0.547716
4204,0.402333
4205,0.374610
4206,0.537139
4207,0.538355
4208,0.575128
4209,0.618577
4210,0.378088
4211,0.551318
4212,0.615778
4213,0.388430
4214,0.770639
4215,0.442475
4216,0.497802
4217,0.794428
4218,0
4219,0.849372
4220,0.991525
4221,0.210852
4222,1
4223,0.734177
4224,0.621677
4225,0.443295
4226,0
4227,0.375461
4228,0.402454
4229,0
4230,0.463642
4231,0.647142
4232,0.362334
4233,0.273933
4234,0.589283
4235,0.612278
4236,0.648372
4237,0.611112
4238,0.452492
4239,0.317173
4240,0.016904
4241,0.551681
4242,0.046822
4243,1
4244,0
4245,0.402479
4246,0.928535
4247,0.505208
4248,0.914841
4249,0.657857
4250,0.246613
4251,0.585382
4252,0.966479
4253,0.779730
4254,0.680869
4255,0.102723
4256,0
4257,0.712246
4258,0.790148
4259,0.633802
4260,0.776971
4261,0.534238
4262,0.439620
4263,0.563771
4264,0.519228
4265,0.781627
4266,0.412030
4267,1
4268,0.475157
4269,0.653243
4270,0.089109
4271,0.992814
4272,0.464883
4273,0.429552
4274,0.535298
4275,0.593849
4276,0.372260
4277,0.794675
4278,0.385064
4279,0.334575
4280,0.499206
4281,0.313763
4282,0.521674
4283,0.288790
4284,0.700213
4285,0.786695
4286,0.920990
4287,1
4288,0.959348
4289,0.597404
4290,1
4291,0.261978
4292,0.360289
4293,0.353507
4294,0.752556
4295,0.737822
4296,0.277194
4297,0.757514
4298,0.811041
4299,0.783959
4300,0.661807
4301,1
4302,1
4303,1
4304,0.417467
4305,0.524700
4306,0.670100
4307,0.887113
4308,0.370502
4309,0.047598
4310,0.210255
4311,0.424801
4312,0.737280
4313,0.018730
4314,0
4315,0.571644
4316,0.910524
4317,0.422872
4318,0.693195
4319,0.303038
4320,0.390569
4321,0.030642
4322,0.185005
4323,0.564926
4324,0.365062
4325,0.740331
4326,0.809758
4327,0.610539
4328,0.466427
4329,0.397022
4330,0.229306
4331,0.256027
4332,0.899754
4333,0.925982
4334,0.565610
4335,1
4336,0.303877
4337,0.466558
4338,0.996079
4339,0.517760
4340,0.180613
4341,0.754109
4342,0.428927
4343,0.345275
4344,0.613151
4345,0.452572
4346,0.319742
4347,0.097263
4348,0.379175
4349,0.424355
4350,0.766455
4351,0.896973
4352,0.502964
4353,0.593289
4354,0.377476
4355,0.456885
4356,0.332732
4357,0.253411
4358,0.584362
4359,1
4360,0.014629
4361,0.416635
4362,0.295161
4363,0.225412
4364,0.807384
4365,0.658302
4366,0.829210
4367,0.414000
4368,0.320022
4369,0.037276
4370,0.209873
4371,0.580184
4372,0.199791
4373,0.580217
4374,1
4375,0.756164
4376,0.558663
4377,0.651507
4378,0.560361
4379,1
4380,0.020888
4381,0.834622
4382,0.393688
4383,0.218117
4384,0.459588
4385,0.339384
4386,0.326955
4387,0.637337
4388,0.806285
4389,1
4390,0.307145
4391,0.381953
4392,0.076135
4393,0.426751
4394,0.157796
4395,0.661443
4396,0.657250
4397,1
4398,0.577145
4399,0.846381
4400,0.967182
4401,0.827121
4402,0.187143
4403,0.408809
4404,0.612680
4405,0.690438
4406,0.528375
4407,0.038756
4408,0.417081
4409,0.482377
4410,0.661323
4411,0.149958
4412,0.447112
4413,0.489129
4414,0.981055
4415,0.025549
4416,0.880543
4417,0.596871
4418,1
4419,0.528817
4420,0.647755
4421,0.963388
4422,0.426359
4423,0.378030
4424,0.239861
4425,0.814534
4426,0.553552
4427,1
4428,0.808234
4429,0.115730
4430,0.221617
4431,0.699890
4432,0.333624
4433,0.368433
4434,0.998888
4435,0.490985
4436,0.070719
4437,0.777225
4438,0.572765
4439,0.508576
4440,1
4441,0.974058
4442,0.427982
4443,0.533821
4444,0.338637
4445,0.948390
4446,0.504731
4447,0.322879
4448,0.436395
4449,0
4450,0.582187
4451,0.204716
4452,0.656744
4453,0.326754
4454,1
4455,0.705009
4456,0.181866
4457,0.747527
4458,0.600576
4459,0
4460,0.425874
4461,0.902318
4462,0.792230
4463,0
4464,0.544050
4465,0.974090
4466,0
4467,0.532757
4468,0.216335
4469,0.430497
4470,0.917224
4471,0.296114
4472,0.593585
4473,0.778316
4474,0.099750
4475,0.533561
4476,0.496093
4477,0.422867
4478,0.325786
4479,0.935538
4480,0.040865
4481,1
4482,0.195607
4483,0.677438
4484,0.386318
4485,0.721264
4486,0.206804
4487,0.754283
4488,0.578782
4489,0.002031
4490,0.242299
4491,1
4492,0.865648
4493,0.842475
4494,0.520831
4495,0.454136
4496,0.338219
4497,0.085633
4498,0.118217
4499,0.506706
4500,0.925574
4501,0.936929
4502,0.817101
4503,0.481833
4504,0.213847
4505,0.240343
4506,1
4507,0.409015
4508,0.401937
4509,0.685580
4510,0.679521
4511,0.904031
4512,0
4513,0.388395
4514,0.639893
4515,0.090365
4516,0.639607
4517,0.342990
4518,0.594059
4519,0.277949
4520,0.270946
4521,0.370879
4522,1
4523,0.436397
4524,0.722489
4525,0.453925
4526,0.124675
4527,0.571803
4528,0.315791
4529,0.638187
4530,0.558192
4531,0.551866
4532,0.338465
4533,0.464453
4534,0.469528
4535,0.173092
4536,0.512041
4537,0.512461
4538,0.656755
4539,1
4540,0.013388
4541,0.764737
4542,0.748693
4543,0.187465
4544,0.632279
4545,0.616114
4546,0.133210
4547,0
4548,0.339568
4549,0.331371
4550,0.300386
4551,0.737080
4552,0.399015
4553,0.120813
4554,0.151594
4555,0.506494
4556,1
4557,0.350178
4558,0.648180
4559,0.402866
4560,0.199861
4561,0.758337
4562,0.723031
4563,0
4564,0
4565,0.838689
4566,1
4567,0.570029
4568,0.384072
4569,0.309974
4570,0.553689
4571,0.438853
4572,0.647090
4573,0.163100
4574,0.751942
4575,0
4576,0.831339
4577,0.443377
4578,0.254869
4579,0.169939
4580,0.084003
4581,0.009632
4582,0.939340
4583,0.365599
4584,0.285369
4585,0.786888
4586,0.549716
4587,0.634818
4588,0.314208
4589,0.499717
4590,0.299726
4591,0.258873
4592,0.910263
4593,0.251272
4594,1
4595,1
4596,0.324965
4597,0.837235
4598,0.576468
4599,0.564637
4600,0.102257
4601,0.377509
4602,0.735192
4603,0.092650
4604,0.098312
4605,0.627719
4606,0.617885
4607,0.473701
4608,0.471801
4609,0.235445
4610,0.296662
4611,0.317761
4612,0.277572
4613,0.669826
4614,0.451819
4615,0.413571
4616,0.046146
4617,0.400531
4618,0.368433
4619,0.760601
4620,0.656272
4621,0.178285
4622,0.584929
4623,0.845821
4624,0
4625,0.434442
4626,0.399025
4627,1
4628,0.910805
4629,0.753284
4630,0.426359
4631,0.680261
4632,0.894828
4633,0.079058
4634,0.463776
4635,0.308446
4636,1
4637,0.315546
4638,0.132389
4639,0.322291
4640,0.082685
4641,0.763977
4642,0.807832
4643,0
4644,0.128541
4645,0.536667
4646,0.634571
4647,1
4648,0.475978
4649,0.515208
4650,1
4651,1
4652,0.785266
4653,0.321939
4654,0
4655,0.548058
4656,0.301604
4657,0.322842
4658,1
4659,0.138882
4660,0.878338
4661,0.332655
4662,0.412623
4663,0.430920
4664,0.573701
4665,0.243202
4666,1
4667,1
4668,0.336549
4669,0.113242
4670,0.102281
4671,0.471692
4672,0.289548
4673,1
4674,0.314512
4675,0.447534
4676,0
4677,0.693042
4678,0.539352
4679,0.414485
4680,0.702697
4681,0.862474
4682,0.674318
4683,0.387823
4684,0.436125
4685,0.720730
4686,0.270008
4687,0.901693
4688,1
4689,0.811549
4690,0.407408
4691,0.153076
4692,0.946007
4693,0.245161
4694,0.335323
4695,0.286889
4696,0.611327
4697,0.417330
4698,0.288753
4699,0.710354
4700,0.090514
4701,0.122079
4702,0.747292
4703,0.631962
4704,0.925111
4705,0.559599
4706,0.297765
4707,0.472383
4708,0.320414
4709,0.613735
4710,0.631827
4711,1
4712,0.674644
4713,0.532149
4714,0.616015
4715,0.042603
4716,0.182933
4717,0.146577
4718,0.666892
4719,0.726500
4720,0.680057
4721,0
4722,0.770613
4723,0.052205
4724,0
4725,0.860167
4726,0.453195
4727,0.262045
4728,0.546072
4729,0.222930
4730,0.687044
4731,0.337891
4732,0.579332
4733,0.634879
4734,0.741735
4735,0.650264
4736,0.545745
4737,0.319403
4738,0.239451
4739,0.636749
4740,0.112546
4741,0.293426
4742,0.577468
4743,0.291202
4744,0.958383
4745,0
4746,0.475000
4747,0.884075
4748,0.356371
4749,0.768012
4750,0.197870
4751,0.572464
4752,0.860585
4753,0.545216
4754,0.106236
4755,0.890752
4756,1
4757,0.801934
4758,0.556160
4759,0.774861
4760,0.508354
4761,0.371470
4762,0.155977
4763,0.244481
4764,0.303711
4765,0.693609
4766,0.254688
4767,1
4768,0.412462
4769,0.613331
4770,0.714485
4771,0.211679
4772,1
4773,0.030012
4774,0.207655
4775,0.526695
4776,0.942054
4777,0.580696
4778,0.943609
4779,0.303997
4780,0.489515
4781,0.221158
4782,0.203071
4783,0.386592
4784,0.463530
4785,0.559790
4786,0.782361
4787,0.597564
4788,0.002867
4789,0.154087
4790,0.803427
4791,0.153577
4792,0.970687
4793,0.525102
4794,0.601478
4795,0.062280
4796,0.683646
4797,0.489041
4798,0.499402
4799,0.080953
4800,0.899407
4801,0.646426
4802,0.327328
4803,0.852172
4804,0.645761
4805,0.764368
4806,0.188104
4807,0.356633
4808,0.587327
4809,0.338783
4810,0.735866
4811,0.393811
4812,0.356785
4813,0.108264
4814,0.455341
4815,0.373733
4816,0.089174
4817,0.521670
4818,0
4819,0.017051
4820,0.452541
4821,0.307251
4822,0.832307
4823,0.203592
4824,0.716625
4825,0.068376
4826,0.491836
4827,0.588645
4828,0.302130
4829,0.795099
4830,0
4831,0.729078
4832,0.413852
4833,0.478257
4834,0.495606
4835,0.380458
4836,0.352579
4837,0.925342
4838,0.097196
4839,0.629433
4840,0.206244
4841,0.461544
4842,0.633321
4843,0.322230
4844,0.527172
4845,0.637713
4846,0.143158
4847,0.450729
4848,0.405622
4849,0.479010
4850,0.199952
4851,0.335445
4852,0.912840
4853,0.488864
4854,0.311568
4855,0.506909
4856,0.087510
4857,0.741253
4858,1
4859,0.522022
4860,0.678172
4861,0.413815
4862,0.922729
4863,0.596880
4864,0.599898
4865,0.420378
4866,0.624321
4867,0.277949
4868,0.763856
4869,0.779936
4870,0.435783
4871,0.791137
4872,0.348223
4873,0.500561
4874,0.330187
4875,0.252877
4876,0.382914
4877,0.547823
4878,0.375054
4879,0.701349
4880,0.425247
4881,0.731203
4882,0.285680
4883,0.496518
4884,0.563414
4885,0.049708
4886,0.011205
4887,0.277317
4888,0.331395
4889,0.035190
4890,0.472372
4891,0.632314
4892,0.543283
4893,0.354557
4894,0.489482
4895,0.098678
4896,0.562724
4897,0.416311
4898,0.939848
4899,0.231423
4900,1
4901,0.163739
4902,1
4903,0.923257
4904,0.327929
4905,0.078589
4906,0.600232
4907,0.327180
4908,0.748066
4909,0.384072
4910,0.837337
4911,0.513308
4912,0.794771
4913,0.813595
4914,0.408939
4915,0.521198
4916,0.654557
4917,0.707029
4918,0.312552
4919,0.662817
4920,0.443760
4921,1
4922,0.493861
4923,1
4924,0.528588
4925,0.176507
4926,0.423567
4927,0.339074
4928,1
4929,0.460232
4930,0.619899
4931,0.303458
4932,0.786683
4933,0.747557
4934,0.468445
4935,0.754281
4936,0.564003
4937,0.182204
4938,0.492238
4939,0.172516
4940,0.069578
4941,0.789958
4942,1
4943,0.936551
4944,0.078744
4945,0.566401
4946,0.343706
4947,0.383981
4948,0.414991
4949,0.819171
4950,0.195350
4951,0.357606
4952,0.250428
4953,0.008129
4954,0.915658
4955,1
4956,0.410362
4957,0.056793
4958,0.359422
4959,0.791622
4960,0.237381
4961,0.852501
4962,0
4963,0.765466
4964,0.825359
4965,0.178085
4966,0.058966
4967,0.591830
4968,0.065355
4969,0.586622
4970,0.920161
4971,0.434049
4972,0.669939
4973,1
4974,0.826770
4975,0.731381
4976,0.307004
4977,0.215047
4978,0.667767
4979,0.423727
4980,0.769148
4981,0.298517
4982,0.359000
4983,0.467402
4984,0
4985,0.418299
4986,0.188015
4987,0.896984
4988,0.935156
4989,0.704440
4990,0.283075
4991,0.312204
4992,0.555784
4993,0.191766
4994,0.554568
4995,0.106090
4996,0.934139
4997,0.542141
4998,0.239522
4999,0.459165
5000,0.577638
5001,1
5002,0.446246
5003,0.630325
5004,0.516719
5005,0.759396
5006,0.406841
5007,0.365657
5008,0.766031
5009,0.528063
5010,0.050984
5011,0.973412
5012,0.715820
5013,0.134827
5014,0.370427
5015,0.566689
5016,0.160817
5017,0.239307
5018,0.570693
5019,0.992583
5020,0.670026
5021,0.970189
5022,0.425937
5023,0.656034
5024,0.128327
5025,0.685277
5026,0.513161
5027,0.195581
5028,0.359583
5029,0.546567
5030,0.312891
5031,0.549909
5032,0.548828
5033,0.683492
5034,0.507518
5035,0.481685
5036,0.240920
5037,0.405551
5038,0.343621
5039,0.305562
5040,0.655358
5041,0.016284
5042,0.596149
5043,0.363397
5044,0.745176
5045,0.342848
5046,0.312427
5047,0.875659
5048,0.434796
5049,0.624066
5050,0.675959
5051,0.574079
5052,0.739682
5053,0.624880
5054,1
5055,0.097079
5056,0.579692
5057,1
5058,0.488696
5059,1
5060,0.542730
5061,0.818528
5062,0.485235
5063,0.359908
5064,0.312154
5065,0.820630
5066,0.188348
5067,0
5068,0.277964
5069,0.426836
5070,1
5071,0
5072,0.995432
5073,0.753329
5074,0.196107
5075,0.093887
5076,0.298517
5077,0.706351
5078,0.367262
5079,0.048535
5080,0.352609
5081,0.379091
5082,0.691342
5083,0
5084,0.850042
5085,0.493318
5086,0.829209
5087,0.129193
5088,0.827168
5089,0.157892
5090,1
5091,0.370435
5092,0.578987
5093,0.448267
5094,0.664170
5095,1
5096,0.854269
5097,0.404221
5098,0.104002
5099,0.312612
5100,1
5101,0.631743
5102,0.862009
5103,0.989886
5104,0.500393
5105,0.900819
5106,1
5107,0.344550
5108,0.500915
5109,0.320255
5110,0.194736
5111,0.595954
5112,0.452469
5113,0.439070
5114,0.903222
5115,0.569288
5116,1
5117,0.508164
5118,0.689467
5119,0.949105
5120,0.952903
5121,0.451197
5122,0.948217
5123,0.494267
5124,0.357995
5125,0.581663
5126,0.900263
5127,0.439295
5128,0.581663
5129,0.046186
5130,0.540049
5131,0.372317
5132,0.168509
5133,0.614688
5134,0.410485
5135,0.324775
5136,0.587405
5137,0.644264
5138,0.518827
5139,0.810773
5140,0.929506
5141,0.329214
5142,0.044368
5143,0.377946
5144,0.916045
5145,0.525745
5146,0
5147,0.640257
5148,0.575139
5149,0
5150,0.040723
5151,0.274548
5152,0.739443
5153,0.853662
5154,0.961754
5155,0.458231
5156,0.901607
5157,0.380885
5158,0.785726
5159,0.381701
5160,0.453747
5161,0.385482
5162,0.314245
5163,0.460052
5164,0.831690
5165,0.609870
5166,0.480199
5167,0.418962
5168,0.769773
5169,0.723396
5170,0.647755
5171,0.268722
5172,0.607571
5173,0.734380
5174,0.293784
5175,0.335367
5176,0.940443
5177,0.450581
5178,0.406500
5179,0.731982
5180,0
5181,0.733944
5182,0.605997
5183,0.361244
5184,0.761565
5185,0.581683
5186,0.933080
5187,0.468922
5188,0.844965
5189,0.958910
5190,0.409217
5191,0.648838
5192,0.815483
5193,0.239914
5194,0.728615
5195,0.266476
5196,0.585444
5197,0.288704
5198,0.649607
5199,0.632526
5200,0.291695
5201,0.322983
5202,0.413855
5203,0.396440
5204,0.508116
5205,0.463969
5206,0.444237
5207,0.845584
5208,0
5209,1
5210,0.397205
5211,0.240032
5212,0.623737
5213,0.362480
5214,0.668429
5215,0.599467
5216,0.872452
5217,0.848555
5218,0.431621
5219,0
5220,0.271385
5221,0.170110
5222,0.848019
5223,0.653144
5224,0.649062
5225,0.390655
5226,0.165954
5227,0.799135
5228,0.805388
5229,0.558985
5230,0.781820
5231,0.002475
5232,0.728197
5233,0.337994
5234,0.741735
5235,0.547351
5236,0.454901
5237,1
5238,0.434514
5239,0.261447
5240,0.347214
5241,0.829305
5242,0.521549
5243,0.448553
5244,0.418657
5245,1
5246,0.576301
5247,0.959981
5248,0
5249,0.860116
5250,0.087747
5251,0.534750
5252,0.263311
5253,0.505457
5254,0.599690
5255,0.213362
5256,0.484874
5257,0.515219
5258,0.227893
5259,0
5260,1
5261,0.667624
5262,0.553090
5263,0
5264,0.675877
5265,0.795244
5266,0.923134
5267,0.853469
5268,0.572088
5269,0.480293
5270,0.829753
5271,0.610779
5272,0.585471
5273,0.181242
5274,0.617378
5275,0.053225
5276,1
5277,0.272932
5278,0.456300
5279,1
5280,0.223252
5281,0.167152
5282,0.593993
5283,0.932200
5284,0.384543
5285,0.825183
5286,0.771085
5287,0.664994
5288,0.239232
5289,0.453875
5290,0.370013
5291,0.672432
5292,0.326719
5293,0.618842
5294,0.511572
5295,0.423120
5296,0.589290
5297,0.524483
5298,0.552988
5299,0.386149
5300,0.053123
5301,0.997525
5302,0.611161
5303,0.615350
5304,0.808831
5305,0.447793
5306,0.574034
5307,0.643262
5308,0.640092
5309,0.068448
5310,0.967460
5311,0.786451
5312,0.801934
5313,0.930418
5314,1
5315,0.690729
5316,0.292952
5317,0.288272
5318,0.173737
5319,1
5320,0.517235
5321,0.584923
5322,0.289360
5323,0.211932
5324,0.262763
5325,0.376910
5326,0.288161
5327,0.298573
5328,0.791600
5329,0.091008
5330,0.224948
5331,0.367686
5332,0.402556
5333,0.597909
5334,0.663451
5335,0.264808
5336,0.378131
5337,0.513663
5338,1
5339,0
5340,0
5341,0.376253
5342,0.476807
5343,0.165104
5344,0.058340
5345,0.653636
5346,0.410176
5347,0.612484
5348,0.651951
5349,0.672373
5350,0
5351,0.527946
5352,0.314809
5353,0.715694
5354,0.151062
5355,0.558538
5356,0.468732
5357,0.452353
5358,1
5359,0.067705
5360,0.661346
5361,0.480267
5362,0.137910
5363,0.522825
5364,0.292804
5365,0.806017
5366,0.502531
5367,0.289279
5368,0.427182
5369,0.389480
5370,0.681043
5371,0.403152
5372,0.146338
5373,0.494616
5374,0.662175
5375,0.790634
5376,0.125576
5377,0.202533
5378,0.462990
5379,0.578734
5380,0.204439
5381,0.751398
5382,0.758297
5383,0.551275
5384,0.415845
5385,0.446179
5386,0.751533
5387,0.913244
5388,0.683963
5389,0.573835
5390,0.394234
5391,0.311637
5392,0.381369
5393,0.440632
5394,0.264045
5395,0.431331
5396,0.865871
5397,0.546943
5398,0.558617
5399,0.512540
5400,0.366895
5401,0.843468
5402,0.566213
5403,0.030617
5404,0.433439
5405,1
5406,0.480656
5407,0.455060
5408,0.272227
5409,0.632744
5410,0.495471
5411,0.337188
5412,0.391495
5413,0.501942
5414,0.468087
5415,0.045623
5416,0.459055
5417,0.474569
5418,0.981313
5419,0.969615
5420,0
5421,0.726824
5422,0.435885
5423,0.678407
5424,0.680300
5425,0.636301
5426,0.613143
5427,0.849802
5428,0.464758
5429,0.647565
5430,1
5431,0.530300
5432,0.061722
5433,0.475477
5434,0.329469
5435,0.664399
5436,0.335823
5437,0
5438,0.252799
5439,0.647551
5440,0.327245
5441,0.815090
5442,0.704013
5443,1
5444,0.515333
5445,0.783809
5446,0
5447,0.231193
5448,0.662957
5449,0.700190
5450,0.237077
5451,0.327290
5452,0.538063
5453,0.400409
5454,0.681243
5455,0.549954
5456,0.310827
5457,0.213305
5458,0.143911
5459,0.714207
5460,0.197770
5461,0.182340
5462,0.246592
5463,0.342923
5464,0.362061
5465,0.385151
5466,0
5467,0
5468,1
5469,0.879788
5470,0.471847
5471,0.432743
5472,0.776402
5473,0.205943
5474,0.153785
5475,0
5476,0.329974
5477,0
5478,0.453820
5479,0.465720
5480,0.770413
5481,0.582231
5482,0.563544
5483,0.626661
5484,0.910972
5485,0.261616
5486,0.565505
5487,0.694200
5488,0.743596
5489,0.678179
5490,0.609430
5491,0.052623
5492,0.132970
5493,0.491647
5494,0.053856
5495,0.446093
5496,0.899452
5497,0.712767
5498,0.208311
5499,0.662978
5500,0.526313
5501,0.352241
5502,0.390069
5503,0.480267
5504,0.589960
5505,0.317217
5506,1
5507,0.545893
5508,0.311100
5509,0
5510,0.350436
5511,0.236930
5512,0.432629
5513,0.791746
5514,0.777247
5515,0.649564
5516,0
5517,0.542396
5518,0.389270
5519,0.118857
5520,0.018531
5521,0
5522,0.542864
5523,0.521313
5524,0.446489
5525,0.246614
5526,0.112887
5527,0.089476
5528,1
5529,0.396990
5530,0.162941
5531,0.524165
5532,0.009333
5533,1
5534,0
5535,0.558761
5536,0.674174
5537,0.372254
5538,0.638974
5539,0.917122
5540,0.897093
5541,0.580861
5542,0.632586
5543,0.599746
5544,0.790919
5545,0.440065
5546,0.482935
5547,0.313700
5548,0.389137
5549,0.547735
5550,0.331902
5551,0.587503
5552,0.868421
5553,0.288787
5554,0.627329
5555,0.853902
5556,0.331192
5557,0.197608
5558,0.722443
5559,0
5560,0.724912
5561,0.197001
5562,0.599825
5563,1
5564,0.771610
5565,1
5566,0.646120
5567,0.392376
5568,0.701043
5569,0.503694
5570,0.272548
5571,0.456016
5572,0.526756
5573,0.518142
5574,0.545975
5575,0.475157
5576,0.183491
5577,0.975871
5578,0
5579,0.826908
5580,0.613039
5581,0.881381
5582,0.465671
5583,0.604865
5584,0
5585,1
5586,0.588188
5587,0.810802
5588,0.321225
5589,0
5590,0.546449
5591,0.095042
5592,0.719765
5593,0
5594,0.709999
5595,0.373737
5596,0.613811
5597,0.196871
5598,0.316603
5599,0.708889
5600,0
5601,0.406841
5602,0.338637
5603,0.374207
5604,0.382571
5605,1
5606,0.687477
5607,1
5608,0.620897
5609,0.487160
5610,0.168726
5611,0.124945
5612,0.542664
5613,0.440115
5614,0.205740
5615,0.516866
5616,0.287603
5617,0.660283
5618,0.529266
5619,0.660379
5620,0.530022
5621,0.595368
5622,0.897675
5623,0.846190
5624,0.215514
5625,0.277162
5626,0.658978
5627,0.487492
5628,0.505025
5629,0.413872
5630,0.610730
5631,0.788543
5632,0.503338
5633,0.412692
5634,0.831757
5635,0.508386
5636,0.540125
5637,0.093534
5638,1
5639,0.482370
5640,0.410201
5641,0.572129
5642,0.650544
5643,0.399467
5644,0.277746
5645,0.517134
5646,0.358951
5647,1
5648,0.445632
5649,0.730265
5650,0.492519
5651,0.651719
5652,0.622136
5653,0.264862
5654,0.530406
5655,0
5656,0.908506
5657,0.439070
5658,0.636830
5659,0.622717
5660,0.641000
5661,0.188580
5662,0.630037
5663,0.189068
5664,0.256597
5665,0.806263
5666,0.913852
5667,0.711764
5668,0.744403
5669,0.804637
5670,0.511354
5671,0.730608
5672,0.718201
5673,0.394424
5674,0.693025
5675,0.700266
5676,0.358916
5677,0.432492
5678,0.503444
5679,0.812206
5680,0.342130
5681,0.958596
5682,0.297610
5683,0.550968
5684,0.960644
5685,0.786036
5686,0.629973
5687,0.340466
5688,0.568387
5689,0.106288
5690,0.486718
5691,0.513642
5692,0.200722
5693,0.517921
5694,0.526695
5695,0.462524
5696,0.797454
5697,0.595192
5698,0.168911
5699,0.534063
5700,0.406774
5701,0.483721
5702,0.651178
5703,0.578987
5704,0.490283
5705,0.625280
5706,0.845584
5707,0.333320
5708,0.219204
5709,0.474224
5710,0.631914
5711,0.038501
5712,0.471685
5713,1
5714,0.685925
5715,0.575060
5716,0.902689
5717,0.746065
5718,0.952642
5719,0.518941
5720,0.847467
5721,0.708179
5722,0.497721
5723,0.108434
5724,1
5725,0.448444
5726,0.399554
5727,0.788394
5728,0.662468
5729,0.746675
5730,1
5731,0.422604
5732,0.698125
5733,0.364607
5734,0.760478
5735,0.925310
5736,0.175850
5737,1
5738,0.250656
5739,0.423398
5740,0.698273
5741,0.901470
5742,1
5743,0.620150
5744,0.731532
5745,0.007498
5746,1
5747,0.369034
5748,0.199243
5749,0.543553
5750,0.721090
5751,0.436900
5752,0.298436
5753,0.549372
5754,0.790950
5755,0.026162
5756,0.807684
5757,0.075258
5758,0.424938
5759,0.767103
5760,1
5761,0.489301
5762,0.973014
5763,0
5764,0.135416
5765,0.504541
5766,0.144376
5767,0.244111
5768,0.370813
5769,0.370020
5770,0.278426
5771,0.823872
5772,0.622727
5773,0.481616
5774,0.623764
5775,0.425883
5776,0.865514
5777,0.517226
5778,0.863726
5779,0.262579
5780,0.602084
5781,0.893669
5782,0.423496
5783,0.460721
5784,0.235773
5785,0.704962
5786,0.708091
5787,0.717406
5788,0.775306
5789,0.599601
5790,0.416084
5791,0.878078
5792,0.432856
5793,0.659812
5794,0.546980
5795,0
5796,0.543191
5797,0.523550
5798,0
5799,0.390026
5800,0.005320
5801,0.190397
5802,0.862468
5803,0.999156
5804,0.251172
5805,0
5806,0.124387
5807,0.270052
5808,0.581951
5809,0.339384
5810,0.346292
5811,0.539778
5812,0.365652
5813,0.603320
5814,1
5815,0.408966
5816,0.896249
5817,0
5818,0.699917
5819,0.726107
5820,0.053663
5821,0.391691
5822,0.655608
5823,1
5824,0.542451
5825,0
5826,0.195310
5827,0.696123
5828,0
5829,0.239497
5830,0.893408
5831,0.572673
5832,0
5833,0.542293
5834,0.401181
5835,0.301733
5836,0.640589
5837,0.271443
5838,0.397353
5839,0.122445
5840,0.269133
5841,0.878078
5842,0.182151
5843,0.333652
5844,0.224218
5845,0.782911
5846,0.494572
5847,0.657655
5848,0.094806
5849,0
5850,1
5851,0
5852,0.600465
5853,0.564084
5854,0.578981
5855,0.613735
5856,0.667888
5857,0.578879
5858,0.453074
5859,0.580218
5860,0.881381
5861,1
5862,0.561147
5863,0.688893
5864,1
5865,0.732365
5866,0.368038
5867,0.503854
5868,1
5869,0.535556
5870,0.715891
5871,0.409448
5872,0.571835
5873,0.289345
5874,0.587668
5875,0.040816
5876,1
5877,0.041092
5878,0.205881
5879,0.563726
5880,0.424801
5881,0.795243
5882,0.078481
5883,0
5884,1
5885,0.345010
5886,0.476293
5887,0.450091
5888,0.532754
5889,0.473328
5890,0.451067
5891,0.314098
5892,0.256593
5893,0.890004
5894,0.653832
5895,0.184135
5896,0
5897,0.981439
5898,1
5899,0.390026
5900,0.473687
5901,0.015917
5902,0.386155
5903,0.078975
5904,0.388097
5905,0.768597
5906,0.141861
5907,0.585481
5908,0.565830
5909,0.470317
5910,0.418605
5911,0.556416
5912,0.952381
5913,0.326754
5914,0.090398
5915,0.837771
5916,0.570960
5917,0
5918,0.662818
5919,0
5920,0.576468
5921,0.687549
5922,0.175178
5923,0.681228
5924,0.106361
5925,0.656411
5926,0.111324
5927,0.761050
5928,0.893098
5929,0
5930,0.565204
5931,0.469418
5932,0.867961
5933,0.477617
5934,0.509214
5935,0.556215
5936,0.226940
5937,0.014039
5938,0.288538
5939,0.587611
5940,0
5941,0.829369
5942,0.302889
5943,0
5944,0.184788
5945,0.657679
5946,0.479844
5947,0.307487
5948,0.374493
5949,0.676399
5950,0.483161
5951,0.461587
5952,0.440088
